repo_id,full_name,language,month,commits
178597005,FyroxEngine/Fyrox,Rust,2019-04,0
178597005,FyroxEngine/Fyrox,Rust,2019-05,0
178597005,FyroxEngine/Fyrox,Rust,2019-06,5
178597005,FyroxEngine/Fyrox,Rust,2019-07,10
178597005,FyroxEngine/Fyrox,Rust,2019-08,30
178597005,FyroxEngine/Fyrox,Rust,2019-09,36
178597005,FyroxEngine/Fyrox,Rust,2019-10,32
178597005,FyroxEngine/Fyrox,Rust,2019-11,32
178597005,FyroxEngine/Fyrox,Rust,2019-12,21
178597005,FyroxEngine/Fyrox,Rust,2020-01,49
178597005,FyroxEngine/Fyrox,Rust,2020-02,23
178597005,FyroxEngine/Fyrox,Rust,2020-03,44
178597005,FyroxEngine/Fyrox,Rust,2020-04,44
178597005,FyroxEngine/Fyrox,Rust,2020-05,46
178597005,FyroxEngine/Fyrox,Rust,2020-06,24
178597005,FyroxEngine/Fyrox,Rust,2020-07,27
178597005,FyroxEngine/Fyrox,Rust,2020-08,27
178597005,FyroxEngine/Fyrox,Rust,2020-09,150
178597005,FyroxEngine/Fyrox,Rust,2020-10,124
178597005,FyroxEngine/Fyrox,Rust,2020-11,71
178597005,FyroxEngine/Fyrox,Rust,2020-12,133
178597005,FyroxEngine/Fyrox,Rust,2021-01,48
178597005,FyroxEngine/Fyrox,Rust,2021-02,53
178597005,FyroxEngine/Fyrox,Rust,2021-03,67
178597005,FyroxEngine/Fyrox,Rust,2021-04,59
178597005,FyroxEngine/Fyrox,Rust,2021-05,119
178597005,FyroxEngine/Fyrox,Rust,2021-06,90
178597005,FyroxEngine/Fyrox,Rust,2021-07,84
178597005,FyroxEngine/Fyrox,Rust,2021-08,116
178597005,FyroxEngine/Fyrox,Rust,2021-09,181
178597005,FyroxEngine/Fyrox,Rust,2021-10,274
178597005,FyroxEngine/Fyrox,Rust,2021-11,131
178597005,FyroxEngine/Fyrox,Rust,2021-12,143
178597005,FyroxEngine/Fyrox,Rust,2022-01,129
178597005,FyroxEngine/Fyrox,Rust,2022-02,97
178597005,FyroxEngine/Fyrox,Rust,2022-03,87
178597005,FyroxEngine/Fyrox,Rust,2022-04,107
178597005,FyroxEngine/Fyrox,Rust,2022-05,54
178597005,FyroxEngine/Fyrox,Rust,2022-06,61
178597005,FyroxEngine/Fyrox,Rust,2022-07,137
178597005,FyroxEngine/Fyrox,Rust,2022-08,112
178597005,FyroxEngine/Fyrox,Rust,2022-09,117
178597005,FyroxEngine/Fyrox,Rust,2022-10,129
178597005,FyroxEngine/Fyrox,Rust,2022-11,151
178597005,FyroxEngine/Fyrox,Rust,2022-12,141
178597005,FyroxEngine/Fyrox,Rust,2023-01,117
178597005,FyroxEngine/Fyrox,Rust,2023-02,123
178597005,FyroxEngine/Fyrox,Rust,2023-03,76
178597005,FyroxEngine/Fyrox,Rust,2023-04,120
178597005,FyroxEngine/Fyrox,Rust,2023-05,83
178597005,FyroxEngine/Fyrox,Rust,2023-06,97
178597005,FyroxEngine/Fyrox,Rust,2023-07,83
178597005,FyroxEngine/Fyrox,Rust,2023-08,137
178597005,FyroxEngine/Fyrox,Rust,2023-09,160
178597005,FyroxEngine/Fyrox,Rust,2023-10,147
178597005,FyroxEngine/Fyrox,Rust,2023-11,199
178597005,FyroxEngine/Fyrox,Rust,2023-12,168
178597005,FyroxEngine/Fyrox,Rust,2024-01,123
178597005,FyroxEngine/Fyrox,Rust,2024-02,209
178597005,FyroxEngine/Fyrox,Rust,2024-03,121
178597005,FyroxEngine/Fyrox,Rust,2024-04,157
178597005,FyroxEngine/Fyrox,Rust,2024-05,90
178597005,FyroxEngine/Fyrox,Rust,2024-06,85
178597005,FyroxEngine/Fyrox,Rust,2024-07,91
178597005,FyroxEngine/Fyrox,Rust,2024-08,81
178597005,FyroxEngine/Fyrox,Rust,2024-09,84
178597005,FyroxEngine/Fyrox,Rust,2024-10,132
178597005,FyroxEngine/Fyrox,Rust,2024-11,89
178597005,FyroxEngine/Fyrox,Rust,2024-12,115
178597005,FyroxEngine/Fyrox,Rust,2025-01,112
178597005,FyroxEngine/Fyrox,Rust,2025-02,138
178597005,FyroxEngine/Fyrox,Rust,2025-03,128
178597005,FyroxEngine/Fyrox,Rust,2025-04,142
178597005,FyroxEngine/Fyrox,Rust,2025-05,101
178597005,FyroxEngine/Fyrox,Rust,2025-06,109
178597005,FyroxEngine/Fyrox,Rust,2025-07,98
178597005,FyroxEngine/Fyrox,Rust,2025-08,90
178597005,FyroxEngine/Fyrox,Rust,2025-09,89
178597005,FyroxEngine/Fyrox,Rust,2025-10,152
178597005,FyroxEngine/Fyrox,Rust,2025-11,113
178597005,FyroxEngine/Fyrox,Rust,2025-12,105
178597005,FyroxEngine/Fyrox,Rust,2026-01,111
178597005,FyroxEngine/Fyrox,Rust,2026-02,140
178597005,FyroxEngine/Fyrox,Rust,2026-03,82
178597005,FyroxEngine/Fyrox,Rust,2026-04,30
178597005,FyroxEngine/Fyrox,Rust,2026-05,52
178597005,FyroxEngine/Fyrox,Rust,2026-06,34
178597005,FyroxEngine/Fyrox,Rust,2026-07,45
178597005,FyroxEngine/Fyrox,Rust,2026-08,40
178597005,FyroxEngine/Fyrox,Rust,2026-09,12
11730342,vuejs/vue,TypeScript,2013-08,0
11730342,vuejs/vue,TypeScript,2013-09,0
11730342,vuejs/vue,TypeScript,2013-10,0
11730342,vuejs/vue,TypeScript,2013-11,0
11730342,vuejs/vue,TypeScript,2013-12,0
11730342,vuejs/vue,TypeScript,2014-01,0
11730342,vuejs/vue,TypeScript,2014-02,0
11730342,vuejs/vue,TypeScript,2014-03,0
11730342,vuejs/vue,TypeScript,2014-04,0
11730342,vuejs/vue,TypeScript,2014-05,0
11730342,vuejs/vue,TypeScript,2014-06,0
11730342,vuejs/vue,TypeScript,2014-07,0
11730342,vuejs/vue,TypeScript,2014-08,0
11730342,vuejs/vue,TypeScript,2014-09,0
11730342,vuejs/vue,TypeScript,2014-10,0
11730342,vuejs/vue,TypeScript,2014-11,0
11730342,vuejs/vue,TypeScript,2014-12,0
11730342,vuejs/vue,TypeScript,2015-01,0
11730342,vuejs/vue,TypeScript,2015-02,0
11730342,vuejs/vue,TypeScript,2015-03,0
11730342,vuejs/vue,TypeScript,2015-04,0
11730342,vuejs/vue,TypeScript,2015-05,0
11730342,vuejs/vue,TypeScript,2015-06,0
11730342,vuejs/vue,TypeScript,2015-07,0
11730342,vuejs/vue,TypeScript,2015-08,0
11730342,vuejs/vue,TypeScript,2015-09,0
11730342,vuejs/vue,TypeScript,2015-10,0
11730342,vuejs/vue,TypeScript,2015-11,0
11730342,vuejs/vue,TypeScript,2015-12,0
11730342,vuejs/vue,TypeScript,2016-01,0
11730342,vuejs/vue,TypeScript,2016-02,0
11730342,vuejs/vue,TypeScript,2016-03,0
11730342,vuejs/vue,TypeScript,2016-04,380
11730342,vuejs/vue,TypeScript,2016-05,198
11730342,vuejs/vue,TypeScript,2016-06,203
11730342,vuejs/vue,TypeScript,2016-07,157
11730342,vuejs/vue,TypeScript,2016-08,130
11730342,vuejs/vue,TypeScript,2016-09,86
11730342,vuejs/vue,TypeScript,2016-10,70
11730342,vuejs/vue,TypeScript,2016-11,170
11730342,vuejs/vue,TypeScript,2016-12,116
11730342,vuejs/vue,TypeScript,2017-01,82
11730342,vuejs/vue,TypeScript,2017-02,112
11730342,vuejs/vue,TypeScript,2017-03,109
11730342,vuejs/vue,TypeScript,2017-04,107
11730342,vuejs/vue,TypeScript,2017-05,84
11730342,vuejs/vue,TypeScript,2017-06,51
11730342,vuejs/vue,TypeScript,2017-07,55
11730342,vuejs/vue,TypeScript,2017-08,25
11730342,vuejs/vue,TypeScript,2017-09,76
11730342,vuejs/vue,TypeScript,2017-10,106
11730342,vuejs/vue,TypeScript,2017-11,72
11730342,vuejs/vue,TypeScript,2017-12,87
11730342,vuejs/vue,TypeScript,2018-01,13
11730342,vuejs/vue,TypeScript,2018-02,8
11730342,vuejs/vue,TypeScript,2018-03,82
11730342,vuejs/vue,TypeScript,2018-04,12
11730342,vuejs/vue,TypeScript,2018-05,1
11730342,vuejs/vue,TypeScript,2018-06,2
11730342,vuejs/vue,TypeScript,2018-07,6
11730342,vuejs/vue,TypeScript,2018-08,11
11730342,vuejs/vue,TypeScript,2018-09,6
11730342,vuejs/vue,TypeScript,2018-10,55
11730342,vuejs/vue,TypeScript,2018-11,19
11730342,vuejs/vue,TypeScript,2018-12,97
11730342,vuejs/vue,TypeScript,2019-01,88
11730342,vuejs/vue,TypeScript,2019-02,77
11730342,vuejs/vue,TypeScript,2019-03,36
11730342,vuejs/vue,TypeScript,2019-04,21
11730342,vuejs/vue,TypeScript,2019-05,6
11730342,vuejs/vue,TypeScript,2019-06,8
11730342,vuejs/vue,TypeScript,2019-07,6
11730342,vuejs/vue,TypeScript,2019-08,5
11730342,vuejs/vue,TypeScript,2019-09,6
11730342,vuejs/vue,TypeScript,2019-10,18
11730342,vuejs/vue,TypeScript,2019-11,4
11730342,vuejs/vue,TypeScript,2019-12,7
11730342,vuejs/vue,TypeScript,2020-01,7
11730342,vuejs/vue,TypeScript,2020-02,9
11730342,vuejs/vue,TypeScript,2020-03,8
11730342,vuejs/vue,TypeScript,2020-04,4
11730342,vuejs/vue,TypeScript,2020-05,1
11730342,vuejs/vue,TypeScript,2020-06,4
11730342,vuejs/vue,TypeScript,2020-07,2
11730342,vuejs/vue,TypeScript,2020-08,8
11730342,vuejs/vue,TypeScript,2020-09,11
11730342,vuejs/vue,TypeScript,2020-10,4
11730342,vuejs/vue,TypeScript,2020-11,3
11730342,vuejs/vue,TypeScript,2020-12,2
11730342,vuejs/vue,TypeScript,2021-01,4
11730342,vuejs/vue,TypeScript,2021-02,0
11730342,vuejs/vue,TypeScript,2021-03,19
11730342,vuejs/vue,TypeScript,2021-04,37
11730342,vuejs/vue,TypeScript,2021-05,4
11730342,vuejs/vue,TypeScript,2021-06,13
11730342,vuejs/vue,TypeScript,2021-07,2
11730342,vuejs/vue,TypeScript,2021-08,6
11730342,vuejs/vue,TypeScript,2021-09,7
11730342,vuejs/vue,TypeScript,2021-10,3
11730342,vuejs/vue,TypeScript,2021-11,8
11730342,vuejs/vue,TypeScript,2021-12,4
11730342,vuejs/vue,TypeScript,2022-01,3
11730342,vuejs/vue,TypeScript,2022-02,4
11730342,vuejs/vue,TypeScript,2022-03,0
11730342,vuejs/vue,TypeScript,2022-04,8
11730342,vuejs/vue,TypeScript,2022-05,92
11730342,vuejs/vue,TypeScript,2022-06,78
11730342,vuejs/vue,TypeScript,2022-07,63
11730342,vuejs/vue,TypeScript,2022-08,20
11730342,vuejs/vue,TypeScript,2022-09,2
11730342,vuejs/vue,TypeScript,2022-10,22
11730342,vuejs/vue,TypeScript,2022-11,8
11730342,vuejs/vue,TypeScript,2022-12,4
11730342,vuejs/vue,TypeScript,2023-01,1
11730342,vuejs/vue,TypeScript,2023-02,1
11730342,vuejs/vue,TypeScript,2023-03,0
11730342,vuejs/vue,TypeScript,2023-04,1
11730342,vuejs/vue,TypeScript,2023-05,0
11730342,vuejs/vue,TypeScript,2023-06,0
11730342,vuejs/vue,TypeScript,2023-07,0
11730342,vuejs/vue,TypeScript,2023-08,0
11730342,vuejs/vue,TypeScript,2023-09,0
11730342,vuejs/vue,TypeScript,2023-10,14
11730342,vuejs/vue,TypeScript,2023-11,1
11730342,vuejs/vue,TypeScript,2023-12,28
11730342,vuejs/vue,TypeScript,2024-01,0
11730342,vuejs/vue,TypeScript,2024-02,0
11730342,vuejs/vue,TypeScript,2024-03,0
11730342,vuejs/vue,TypeScript,2024-04,0
11730342,vuejs/vue,TypeScript,2024-05,1
11730342,vuejs/vue,TypeScript,2024-06,1
11730342,vuejs/vue,TypeScript,2024-07,0
11730342,vuejs/vue,TypeScript,2024-08,0
11730342,vuejs/vue,TypeScript,2024-09,0
11730342,vuejs/vue,TypeScript,2024-10,1
11730342,vuejs/vue,TypeScript,2024-11,0
11730342,vuejs/vue,TypeScript,2024-12,0
11730342,vuejs/vue,TypeScript,2025-01,0
11730342,vuejs/vue,TypeScript,2025-02,0
11730342,vuejs/vue,TypeScript,2025-03,0
11730342,vuejs/vue,TypeScript,2025-04,0
11730342,vuejs/vue,TypeScript,2025-05,0
11730342,vuejs/vue,TypeScript,2025-06,0
11730342,vuejs/vue,TypeScript,2025-07,0
11730342,vuejs/vue,TypeScript,2025-08,0
11730342,vuejs/vue,TypeScript,2025-09,0
11730342,vuejs/vue,TypeScript,2025-10,0
11730342,vuejs/vue,TypeScript,2025-11,0
11730342,vuejs/vue,TypeScript,2025-12,0
11730342,vuejs/vue,TypeScript,2026-01,0
11730342,vuejs/vue,TypeScript,2026-02,0
11730342,vuejs/vue,TypeScript,2026-03,0
11730342,vuejs/vue,TypeScript,2026-04,0
11730342,vuejs/vue,TypeScript,2026-05,0
11730342,vuejs/vue,TypeScript,2026-06,0
11730342,vuejs/vue,TypeScript,2026-07,0
11730342,vuejs/vue,TypeScript,2026-08,0
11730342,vuejs/vue,TypeScript,2026-09,0
7905539,koral--/android-gif-drawable,Java,2013-02,4
7905539,koral--/android-gif-drawable,Java,2013-03,1
7905539,koral--/android-gif-drawable,Java,2013-04,0
7905539,koral--/android-gif-drawable,Java,2013-05,0
7905539,koral--/android-gif-drawable,Java,2013-06,0
7905539,koral--/android-gif-drawable,Java,2013-07,0
7905539,koral--/android-gif-drawable,Java,2013-08,0
7905539,koral--/android-gif-drawable,Java,2013-09,22
7905539,koral--/android-gif-drawable,Java,2013-10,10
7905539,koral--/android-gif-drawable,Java,2013-11,20
7905539,koral--/android-gif-drawable,Java,2013-12,18
7905539,koral--/android-gif-drawable,Java,2014-01,7
7905539,koral--/android-gif-drawable,Java,2014-02,17
7905539,koral--/android-gif-drawable,Java,2014-03,24
7905539,koral--/android-gif-drawable,Java,2014-04,9
7905539,koral--/android-gif-drawable,Java,2014-05,17
7905539,koral--/android-gif-drawable,Java,2014-06,5
7905539,koral--/android-gif-drawable,Java,2014-07,0
7905539,koral--/android-gif-drawable,Java,2014-08,15
7905539,koral--/android-gif-drawable,Java,2014-09,9
7905539,koral--/android-gif-drawable,Java,2014-10,31
7905539,koral--/android-gif-drawable,Java,2014-11,14
7905539,koral--/android-gif-drawable,Java,2014-12,24
7905539,koral--/android-gif-drawable,Java,2015-01,14
7905539,koral--/android-gif-drawable,Java,2015-02,10
7905539,koral--/android-gif-drawable,Java,2015-03,81
7905539,koral--/android-gif-drawable,Java,2015-04,51
7905539,koral--/android-gif-drawable,Java,2015-05,15
7905539,koral--/android-gif-drawable,Java,2015-06,8
7905539,koral--/android-gif-drawable,Java,2015-07,12
7905539,koral--/android-gif-drawable,Java,2015-08,8
7905539,koral--/android-gif-drawable,Java,2015-09,12
7905539,koral--/android-gif-drawable,Java,2015-10,12
7905539,koral--/android-gif-drawable,Java,2015-11,10
7905539,koral--/android-gif-drawable,Java,2015-12,23
7905539,koral--/android-gif-drawable,Java,2016-01,33
7905539,koral--/android-gif-drawable,Java,2016-02,15
7905539,koral--/android-gif-drawable,Java,2016-03,22
7905539,koral--/android-gif-drawable,Java,2016-04,25
7905539,koral--/android-gif-drawable,Java,2016-05,23
7905539,koral--/android-gif-drawable,Java,2016-06,18
7905539,koral--/android-gif-drawable,Java,2016-07,9
7905539,koral--/android-gif-drawable,Java,2016-08,24
7905539,koral--/android-gif-drawable,Java,2016-09,27
7905539,koral--/android-gif-drawable,Java,2016-10,17
7905539,koral--/android-gif-drawable,Java,2016-11,36
7905539,koral--/android-gif-drawable,Java,2016-12,4
7905539,koral--/android-gif-drawable,Java,2017-01,20
7905539,koral--/android-gif-drawable,Java,2017-02,9
7905539,koral--/android-gif-drawable,Java,2017-03,19
7905539,koral--/android-gif-drawable,Java,2017-04,22
7905539,koral--/android-gif-drawable,Java,2017-05,9
7905539,koral--/android-gif-drawable,Java,2017-06,7
7905539,koral--/android-gif-drawable,Java,2017-07,3
7905539,koral--/android-gif-drawable,Java,2017-08,44
7905539,koral--/android-gif-drawable,Java,2017-09,2
7905539,koral--/android-gif-drawable,Java,2017-10,0
7905539,koral--/android-gif-drawable,Java,2017-11,8
7905539,koral--/android-gif-drawable,Java,2017-12,14
7905539,koral--/android-gif-drawable,Java,2018-01,4
7905539,koral--/android-gif-drawable,Java,2018-02,16
7905539,koral--/android-gif-drawable,Java,2018-03,13
7905539,koral--/android-gif-drawable,Java,2018-04,10
7905539,koral--/android-gif-drawable,Java,2018-05,6
7905539,koral--/android-gif-drawable,Java,2018-06,0
7905539,koral--/android-gif-drawable,Java,2018-07,46
7905539,koral--/android-gif-drawable,Java,2018-08,2
7905539,koral--/android-gif-drawable,Java,2018-09,5
7905539,koral--/android-gif-drawable,Java,2018-10,4
7905539,koral--/android-gif-drawable,Java,2018-11,18
7905539,koral--/android-gif-drawable,Java,2018-12,0
7905539,koral--/android-gif-drawable,Java,2019-01,0
7905539,koral--/android-gif-drawable,Java,2019-02,0
7905539,koral--/android-gif-drawable,Java,2019-03,0
7905539,koral--/android-gif-drawable,Java,2019-04,9
7905539,koral--/android-gif-drawable,Java,2019-05,0
7905539,koral--/android-gif-drawable,Java,2019-06,6
7905539,koral--/android-gif-drawable,Java,2019-07,0
7905539,koral--/android-gif-drawable,Java,2019-08,13
7905539,koral--/android-gif-drawable,Java,2019-09,43
7905539,koral--/android-gif-drawable,Java,2019-10,2
7905539,koral--/android-gif-drawable,Java,2019-11,3
7905539,koral--/android-gif-drawable,Java,2019-12,3
7905539,koral--/android-gif-drawable,Java,2020-01,0
7905539,koral--/android-gif-drawable,Java,2020-02,1
7905539,koral--/android-gif-drawable,Java,2020-03,0
7905539,koral--/android-gif-drawable,Java,2020-04,3
7905539,koral--/android-gif-drawable,Java,2020-05,4
7905539,koral--/android-gif-drawable,Java,2020-06,0
7905539,koral--/android-gif-drawable,Java,2020-07,0
7905539,koral--/android-gif-drawable,Java,2020-08,2
7905539,koral--/android-gif-drawable,Java,2020-09,0
7905539,koral--/android-gif-drawable,Java,2020-10,1
7905539,koral--/android-gif-drawable,Java,2020-11,0
7905539,koral--/android-gif-drawable,Java,2020-12,0
7905539,koral--/android-gif-drawable,Java,2021-01,0
7905539,koral--/android-gif-drawable,Java,2021-02,3
7905539,koral--/android-gif-drawable,Java,2021-03,2
7905539,koral--/android-gif-drawable,Java,2021-04,0
7905539,koral--/android-gif-drawable,Java,2021-05,0
7905539,koral--/android-gif-drawable,Java,2021-06,0
7905539,koral--/android-gif-drawable,Java,2021-07,0
7905539,koral--/android-gif-drawable,Java,2021-08,1
7905539,koral--/android-gif-drawable,Java,2021-09,0
7905539,koral--/android-gif-drawable,Java,2021-10,0
7905539,koral--/android-gif-drawable,Java,2021-11,1
7905539,koral--/android-gif-drawable,Java,2021-12,0
7905539,koral--/android-gif-drawable,Java,2022-01,1
7905539,koral--/android-gif-drawable,Java,2022-02,0
7905539,koral--/android-gif-drawable,Java,2022-03,0
7905539,koral--/android-gif-drawable,Java,2022-04,0
7905539,koral--/android-gif-drawable,Java,2022-05,0
7905539,koral--/android-gif-drawable,Java,2022-06,0
7905539,koral--/android-gif-drawable,Java,2022-07,1
7905539,koral--/android-gif-drawable,Java,2022-08,3
7905539,koral--/android-gif-drawable,Java,2022-09,0
7905539,koral--/android-gif-drawable,Java,2022-10,0
7905539,koral--/android-gif-drawable,Java,2022-11,0
7905539,koral--/android-gif-drawable,Java,2022-12,0
7905539,koral--/android-gif-drawable,Java,2023-01,0
7905539,koral--/android-gif-drawable,Java,2023-02,0
7905539,koral--/android-gif-drawable,Java,2023-03,0
7905539,koral--/android-gif-drawable,Java,2023-04,0
7905539,koral--/android-gif-drawable,Java,2023-05,0
7905539,koral--/android-gif-drawable,Java,2023-06,1
7905539,koral--/android-gif-drawable,Java,2023-07,1
7905539,koral--/android-gif-drawable,Java,2023-08,1
7905539,koral--/android-gif-drawable,Java,2023-09,0
7905539,koral--/android-gif-drawable,Java,2023-10,2
7905539,koral--/android-gif-drawable,Java,2023-11,0
7905539,koral--/android-gif-drawable,Java,2023-12,0
7905539,koral--/android-gif-drawable,Java,2024-01,0
7905539,koral--/android-gif-drawable,Java,2024-02,0
7905539,koral--/android-gif-drawable,Java,2024-03,0
7905539,koral--/android-gif-drawable,Java,2024-04,0
7905539,koral--/android-gif-drawable,Java,2024-05,0
7905539,koral--/android-gif-drawable,Java,2024-06,0
7905539,koral--/android-gif-drawable,Java,2024-07,1
7905539,koral--/android-gif-drawable,Java,2024-08,0
7905539,koral--/android-gif-drawable,Java,2024-09,0
7905539,koral--/android-gif-drawable,Java,2024-10,0
7905539,koral--/android-gif-drawable,Java,2024-11,0
7905539,koral--/android-gif-drawable,Java,2024-12,0
7905539,koral--/android-gif-drawable,Java,2025-01,0
7905539,koral--/android-gif-drawable,Java,2025-02,0
7905539,koral--/android-gif-drawable,Java,2025-03,0
7905539,koral--/android-gif-drawable,Java,2025-04,0
7905539,koral--/android-gif-drawable,Java,2025-05,0
7905539,koral--/android-gif-drawable,Java,2025-06,0
7905539,koral--/android-gif-drawable,Java,2025-07,0
7905539,koral--/android-gif-drawable,Java,2025-08,2
7905539,koral--/android-gif-drawable,Java,2025-09,0
7905539,koral--/android-gif-drawable,Java,2025-10,0
7905539,koral--/android-gif-drawable,Java,2025-11,0
7905539,koral--/android-gif-drawable,Java,2025-12,4
7905539,koral--/android-gif-drawable,Java,2026-01,0
7905539,koral--/android-gif-drawable,Java,2026-02,2
7905539,koral--/android-gif-drawable,Java,2026-03,0
7905539,koral--/android-gif-drawable,Java,2026-04,0
7905539,koral--/android-gif-drawable,Java,2026-05,0
7905539,koral--/android-gif-drawable,Java,2026-06,6
7905539,koral--/android-gif-drawable,Java,2026-07,0
7905539,koral--/android-gif-drawable,Java,2026-08,0
7905539,koral--/android-gif-drawable,Java,2026-09,0
762147600,SquirrelCorporation/SquirrelServersManager,TypeScript,2024-03,47
762147600,SquirrelCorporation/SquirrelServersManager,TypeScript,2024-04,27
762147600,SquirrelCorporation/SquirrelServersManager,TypeScript,2024-05,32
762147600,SquirrelCorporation/SquirrelServersManager,TypeScript,2024-06,106
762147600,SquirrelCorporation/SquirrelServersManager,TypeScript,2024-07,194
762147600,SquirrelCorporation/SquirrelServersManager,TypeScript,2024-08,345
762147600,SquirrelCorporation/SquirrelServersManager,TypeScript,2024-09,169
762147600,SquirrelCorporation/SquirrelServersManager,TypeScript,2024-10,212
762147600,SquirrelCorporation/SquirrelServersManager,TypeScript,2024-11,249
762147600,SquirrelCorporation/SquirrelServersManager,TypeScript,2024-12,120
762147600,SquirrelCorporation/SquirrelServersManager,TypeScript,2025-01,113
762147600,SquirrelCorporation/SquirrelServersManager,TypeScript,2025-02,216
762147600,SquirrelCorporation/SquirrelServersManager,TypeScript,2025-03,2
762147600,SquirrelCorporation/SquirrelServersManager,TypeScript,2025-04,80
762147600,SquirrelCorporation/SquirrelServersManager,TypeScript,2025-05,113
762147600,SquirrelCorporation/SquirrelServersManager,TypeScript,2025-06,24
762147600,SquirrelCorporation/SquirrelServersManager,TypeScript,2025-07,12
762147600,SquirrelCorporation/SquirrelServersManager,TypeScript,2025-08,0
762147600,SquirrelCorporation/SquirrelServersManager,TypeScript,2025-09,4
762147600,SquirrelCorporation/SquirrelServersManager,TypeScript,2025-10,4
762147600,SquirrelCorporation/SquirrelServersManager,TypeScript,2025-11,0
762147600,SquirrelCorporation/SquirrelServersManager,TypeScript,2025-12,0
762147600,SquirrelCorporation/SquirrelServersManager,TypeScript,2026-01,0
762147600,SquirrelCorporation/SquirrelServersManager,TypeScript,2026-02,0
762147600,SquirrelCorporation/SquirrelServersManager,TypeScript,2026-03,0
762147600,SquirrelCorporation/SquirrelServersManager,TypeScript,2026-04,0
762147600,SquirrelCorporation/SquirrelServersManager,TypeScript,2026-05,0
762147600,SquirrelCorporation/SquirrelServersManager,TypeScript,2026-06,0
762147600,SquirrelCorporation/SquirrelServersManager,TypeScript,2026-07,0
762147600,SquirrelCorporation/SquirrelServersManager,TypeScript,2026-08,0
762147600,SquirrelCorporation/SquirrelServersManager,TypeScript,2026-09,0
337459381,Ugenteraan/Deep_Hierarchical_Classification,Python,2021-03,0
337459381,Ugenteraan/Deep_Hierarchical_Classification,Python,2021-04,0
337459381,Ugenteraan/Deep_Hierarchical_Classification,Python,2021-05,0
337459381,Ugenteraan/Deep_Hierarchical_Classification,Python,2021-06,0
337459381,Ugenteraan/Deep_Hierarchical_Classification,Python,2021-07,0
337459381,Ugenteraan/Deep_Hierarchical_Classification,Python,2021-08,0
337459381,Ugenteraan/Deep_Hierarchical_Classification,Python,2021-09,0
337459381,Ugenteraan/Deep_Hierarchical_Classification,Python,2021-10,0
337459381,Ugenteraan/Deep_Hierarchical_Classification,Python,2021-11,0
337459381,Ugenteraan/Deep_Hierarchical_Classification,Python,2021-12,0
337459381,Ugenteraan/Deep_Hierarchical_Classification,Python,2022-01,3
337459381,Ugenteraan/Deep_Hierarchical_Classification,Python,2022-02,0
337459381,Ugenteraan/Deep_Hierarchical_Classification,Python,2022-03,0
337459381,Ugenteraan/Deep_Hierarchical_Classification,Python,2022-04,0
337459381,Ugenteraan/Deep_Hierarchical_Classification,Python,2022-05,0
337459381,Ugenteraan/Deep_Hierarchical_Classification,Python,2022-06,0
337459381,Ugenteraan/Deep_Hierarchical_Classification,Python,2022-07,0
337459381,Ugenteraan/Deep_Hierarchical_Classification,Python,2022-08,0
337459381,Ugenteraan/Deep_Hierarchical_Classification,Python,2022-09,0
337459381,Ugenteraan/Deep_Hierarchical_Classification,Python,2022-10,0
337459381,Ugenteraan/Deep_Hierarchical_Classification,Python,2022-11,0
337459381,Ugenteraan/Deep_Hierarchical_Classification,Python,2022-12,0
337459381,Ugenteraan/Deep_Hierarchical_Classification,Python,2023-01,0
337459381,Ugenteraan/Deep_Hierarchical_Classification,Python,2023-02,0
337459381,Ugenteraan/Deep_Hierarchical_Classification,Python,2023-03,0
337459381,Ugenteraan/Deep_Hierarchical_Classification,Python,2023-04,0
337459381,Ugenteraan/Deep_Hierarchical_Classification,Python,2023-05,0
337459381,Ugenteraan/Deep_Hierarchical_Classification,Python,2023-06,0
337459381,Ugenteraan/Deep_Hierarchical_Classification,Python,2023-07,0
337459381,Ugenteraan/Deep_Hierarchical_Classification,Python,2023-08,0
337459381,Ugenteraan/Deep_Hierarchical_Classification,Python,2023-09,0
337459381,Ugenteraan/Deep_Hierarchical_Classification,Python,2023-10,0
337459381,Ugenteraan/Deep_Hierarchical_Classification,Python,2023-11,0
337459381,Ugenteraan/Deep_Hierarchical_Classification,Python,2023-12,0
337459381,Ugenteraan/Deep_Hierarchical_Classification,Python,2024-01,0
337459381,Ugenteraan/Deep_Hierarchical_Classification,Python,2024-02,0
337459381,Ugenteraan/Deep_Hierarchical_Classification,Python,2024-03,0
337459381,Ugenteraan/Deep_Hierarchical_Classification,Python,2024-04,0
337459381,Ugenteraan/Deep_Hierarchical_Classification,Python,2024-05,0
337459381,Ugenteraan/Deep_Hierarchical_Classification,Python,2024-06,0
337459381,Ugenteraan/Deep_Hierarchical_Classification,Python,2024-07,0
337459381,Ugenteraan/Deep_Hierarchical_Classification,Python,2024-08,0
337459381,Ugenteraan/Deep_Hierarchical_Classification,Python,2024-09,0
337459381,Ugenteraan/Deep_Hierarchical_Classification,Python,2024-10,0
337459381,Ugenteraan/Deep_Hierarchical_Classification,Python,2024-11,0
337459381,Ugenteraan/Deep_Hierarchical_Classification,Python,2024-12,0
337459381,Ugenteraan/Deep_Hierarchical_Classification,Python,2025-01,0
337459381,Ugenteraan/Deep_Hierarchical_Classification,Python,2025-02,0
337459381,Ugenteraan/Deep_Hierarchical_Classification,Python,2025-03,0
337459381,Ugenteraan/Deep_Hierarchical_Classification,Python,2025-04,0
337459381,Ugenteraan/Deep_Hierarchical_Classification,Python,2025-05,0
337459381,Ugenteraan/Deep_Hierarchical_Classification,Python,2025-06,0
337459381,Ugenteraan/Deep_Hierarchical_Classification,Python,2025-07,0
337459381,Ugenteraan/Deep_Hierarchical_Classification,Python,2025-08,0
337459381,Ugenteraan/Deep_Hierarchical_Classification,Python,2025-09,0
337459381,Ugenteraan/Deep_Hierarchical_Classification,Python,2025-10,0
337459381,Ugenteraan/Deep_Hierarchical_Classification,Python,2025-11,0
337459381,Ugenteraan/Deep_Hierarchical_Classification,Python,2025-12,0
337459381,Ugenteraan/Deep_Hierarchical_Classification,Python,2026-01,0
337459381,Ugenteraan/Deep_Hierarchical_Classification,Python,2026-02,0
337459381,Ugenteraan/Deep_Hierarchical_Classification,Python,2026-03,0
337459381,Ugenteraan/Deep_Hierarchical_Classification,Python,2026-04,0
337459381,Ugenteraan/Deep_Hierarchical_Classification,Python,2026-05,0
337459381,Ugenteraan/Deep_Hierarchical_Classification,Python,2026-06,0
337459381,Ugenteraan/Deep_Hierarchical_Classification,Python,2026-07,0
337459381,Ugenteraan/Deep_Hierarchical_Classification,Python,2026-08,0
337459381,Ugenteraan/Deep_Hierarchical_Classification,Python,2026-09,0
