repo_id,full_name,language,month,pr_opened,pr_closed,pr_merged,issues_opened,issues_closed
7905539,koral--/android-gif-drawable,Java,2013-01,0,0,0,0,0
7905539,koral--/android-gif-drawable,Java,2013-02,0,0,0,0,0
7905539,koral--/android-gif-drawable,Java,2013-03,0,0,0,0,0
7905539,koral--/android-gif-drawable,Java,2013-04,0,0,0,0,0
7905539,koral--/android-gif-drawable,Java,2013-05,0,0,0,0,0
7905539,koral--/android-gif-drawable,Java,2013-06,0,0,0,0,0
7905539,koral--/android-gif-drawable,Java,2013-07,0,0,0,0,0
7905539,koral--/android-gif-drawable,Java,2013-08,0,0,0,1,0
7905539,koral--/android-gif-drawable,Java,2013-09,0,0,0,2,2
7905539,koral--/android-gif-drawable,Java,2013-10,0,0,0,3,3
7905539,koral--/android-gif-drawable,Java,2013-11,4,4,4,7,5
7905539,koral--/android-gif-drawable,Java,2013-12,0,0,0,7,8
7905539,koral--/android-gif-drawable,Java,2014-01,0,0,0,4,3
7905539,koral--/android-gif-drawable,Java,2014-02,0,0,0,10,9
7905539,koral--/android-gif-drawable,Java,2014-03,0,0,0,9,7
7905539,koral--/android-gif-drawable,Java,2014-04,0,0,0,7,7
7905539,koral--/android-gif-drawable,Java,2014-05,2,2,1,4,3
7905539,koral--/android-gif-drawable,Java,2014-06,1,0,0,4,4
7905539,koral--/android-gif-drawable,Java,2014-07,0,1,0,9,4
7905539,koral--/android-gif-drawable,Java,2014-08,0,0,0,5,7
7905539,koral--/android-gif-drawable,Java,2014-09,0,0,0,4,5
7905539,koral--/android-gif-drawable,Java,2014-10,0,0,0,10,8
7905539,koral--/android-gif-drawable,Java,2014-11,1,1,1,5,6
7905539,koral--/android-gif-drawable,Java,2014-12,0,0,0,9,6
7905539,koral--/android-gif-drawable,Java,2015-01,1,1,1,7,7
7905539,koral--/android-gif-drawable,Java,2015-02,1,1,1,6,5
7905539,koral--/android-gif-drawable,Java,2015-03,1,1,0,17,19
7905539,koral--/android-gif-drawable,Java,2015-04,0,0,0,18,18
7905539,koral--/android-gif-drawable,Java,2015-05,0,0,0,15,15
7905539,koral--/android-gif-drawable,Java,2015-06,0,0,0,8,8
7905539,koral--/android-gif-drawable,Java,2015-07,1,1,1,9,7
7905539,koral--/android-gif-drawable,Java,2015-08,0,0,0,8,5
7905539,koral--/android-gif-drawable,Java,2015-09,0,0,0,7,8
7905539,koral--/android-gif-drawable,Java,2015-10,2,2,0,13,14
7905539,koral--/android-gif-drawable,Java,2015-11,0,0,0,6,6
7905539,koral--/android-gif-drawable,Java,2015-12,0,0,0,8,9
7905539,koral--/android-gif-drawable,Java,2016-01,1,1,1,14,11
7905539,koral--/android-gif-drawable,Java,2016-02,0,0,0,2,5
7905539,koral--/android-gif-drawable,Java,2016-03,1,1,1,8,8
7905539,koral--/android-gif-drawable,Java,2016-04,3,3,2,23,14
7905539,koral--/android-gif-drawable,Java,2016-05,0,0,0,17,20
7905539,koral--/android-gif-drawable,Java,2016-06,0,0,0,8,11
7905539,koral--/android-gif-drawable,Java,2016-07,0,0,0,7,4
7905539,koral--/android-gif-drawable,Java,2016-08,0,0,0,16,15
7905539,koral--/android-gif-drawable,Java,2016-09,0,0,0,10,7
7905539,koral--/android-gif-drawable,Java,2016-10,0,0,0,9,11
7905539,koral--/android-gif-drawable,Java,2016-11,0,0,0,7,9
7905539,koral--/android-gif-drawable,Java,2016-12,0,0,0,6,4
7905539,koral--/android-gif-drawable,Java,2017-01,1,1,1,12,13
7905539,koral--/android-gif-drawable,Java,2017-02,0,0,0,6,4
7905539,koral--/android-gif-drawable,Java,2017-03,3,3,2,6,5
7905539,koral--/android-gif-drawable,Java,2017-04,7,7,6,3,6
7905539,koral--/android-gif-drawable,Java,2017-05,2,2,1,6,6
7905539,koral--/android-gif-drawable,Java,2017-06,1,1,1,4,4
7905539,koral--/android-gif-drawable,Java,2017-07,3,3,2,6,3
7905539,koral--/android-gif-drawable,Java,2017-08,10,10,9,7,9
7905539,koral--/android-gif-drawable,Java,2017-09,3,3,2,8,6
7905539,koral--/android-gif-drawable,Java,2017-10,1,1,0,8,6
7905539,koral--/android-gif-drawable,Java,2017-11,6,6,5,8,9
7905539,koral--/android-gif-drawable,Java,2017-12,8,8,6,9,9
7905539,koral--/android-gif-drawable,Java,2018-01,1,1,1,4,4
7905539,koral--/android-gif-drawable,Java,2018-02,6,6,5,6,4
7905539,koral--/android-gif-drawable,Java,2018-03,5,5,5,7,7
7905539,koral--/android-gif-drawable,Java,2018-04,3,3,3,10,10
7905539,koral--/android-gif-drawable,Java,2018-05,3,2,2,7,6
7905539,koral--/android-gif-drawable,Java,2018-06,0,0,0,3,3
7905539,koral--/android-gif-drawable,Java,2018-07,7,8,7,13,13
7905539,koral--/android-gif-drawable,Java,2018-08,3,2,1,5,6
7905539,koral--/android-gif-drawable,Java,2018-09,1,1,1,10,12
7905539,koral--/android-gif-drawable,Java,2018-10,1,2,2,11,8
7905539,koral--/android-gif-drawable,Java,2018-11,7,7,6,6,6
7905539,koral--/android-gif-drawable,Java,2018-12,0,0,0,9,9
7905539,koral--/android-gif-drawable,Java,2019-01,0,0,0,6,5
7905539,koral--/android-gif-drawable,Java,2019-02,0,0,0,1,0
7905539,koral--/android-gif-drawable,Java,2019-03,1,0,0,3,3
7905539,koral--/android-gif-drawable,Java,2019-04,3,3,3,15,12
7905539,koral--/android-gif-drawable,Java,2019-05,0,0,0,5,2
7905539,koral--/android-gif-drawable,Java,2019-06,0,1,1,2,3
7905539,koral--/android-gif-drawable,Java,2019-07,1,0,0,6,4
7905539,koral--/android-gif-drawable,Java,2019-08,3,3,3,8,8
7905539,koral--/android-gif-drawable,Java,2019-09,4,5,5,4,4
7905539,koral--/android-gif-drawable,Java,2019-10,3,2,2,12,12
7905539,koral--/android-gif-drawable,Java,2019-11,2,2,2,4,4
7905539,koral--/android-gif-drawable,Java,2019-12,1,2,2,5,9
7905539,koral--/android-gif-drawable,Java,2020-01,0,0,0,3,2
7905539,koral--/android-gif-drawable,Java,2020-02,1,1,0,3,4
7905539,koral--/android-gif-drawable,Java,2020-03,0,0,0,2,0
7905539,koral--/android-gif-drawable,Java,2020-04,1,1,1,4,1
7905539,koral--/android-gif-drawable,Java,2020-05,2,2,2,1,0
7905539,koral--/android-gif-drawable,Java,2020-06,0,0,0,2,1
7905539,koral--/android-gif-drawable,Java,2020-07,0,0,0,2,2
7905539,koral--/android-gif-drawable,Java,2020-08,1,1,1,5,1
7905539,koral--/android-gif-drawable,Java,2020-09,1,0,0,2,4
7905539,koral--/android-gif-drawable,Java,2020-10,0,1,1,1,6
7905539,koral--/android-gif-drawable,Java,2020-11,1,1,0,0,0
7905539,koral--/android-gif-drawable,Java,2020-12,0,0,0,3,2
7905539,koral--/android-gif-drawable,Java,2021-01,0,0,0,2,3
7905539,koral--/android-gif-drawable,Java,2021-02,0,0,0,4,1
7905539,koral--/android-gif-drawable,Java,2021-03,1,1,1,2,1
7905539,koral--/android-gif-drawable,Java,2021-04,0,0,0,1,1
7905539,koral--/android-gif-drawable,Java,2021-05,0,0,0,0,1
7905539,koral--/android-gif-drawable,Java,2021-06,0,0,0,0,0
7905539,koral--/android-gif-drawable,Java,2021-07,0,0,0,2,2
7905539,koral--/android-gif-drawable,Java,2021-08,1,1,1,1,0
7905539,koral--/android-gif-drawable,Java,2021-09,0,0,0,2,0
7905539,koral--/android-gif-drawable,Java,2021-10,0,0,0,1,2
7905539,koral--/android-gif-drawable,Java,2021-11,4,3,1,4,4
7905539,koral--/android-gif-drawable,Java,2021-12,0,1,0,3,7
7905539,koral--/android-gif-drawable,Java,2022-01,1,1,1,1,1
7905539,koral--/android-gif-drawable,Java,2022-02,0,0,0,1,1
7905539,koral--/android-gif-drawable,Java,2022-03,0,0,0,1,1
7905539,koral--/android-gif-drawable,Java,2022-04,0,0,0,1,0
7905539,koral--/android-gif-drawable,Java,2022-05,0,0,0,2,2
7905539,koral--/android-gif-drawable,Java,2022-06,0,0,0,2,0
7905539,koral--/android-gif-drawable,Java,2022-07,2,1,1,3,6
7905539,koral--/android-gif-drawable,Java,2022-08,1,2,2,2,5
7905539,koral--/android-gif-drawable,Java,2022-09,0,0,0,2,2
7905539,koral--/android-gif-drawable,Java,2022-10,1,0,0,2,2
7905539,koral--/android-gif-drawable,Java,2022-11,0,1,0,2,0
7905539,koral--/android-gif-drawable,Java,2022-12,1,1,0,1,0
7905539,koral--/android-gif-drawable,Java,2023-01,0,0,0,2,6
7905539,koral--/android-gif-drawable,Java,2023-02,0,0,0,1,1
7905539,koral--/android-gif-drawable,Java,2023-03,0,0,0,0,3
7905539,koral--/android-gif-drawable,Java,2023-04,0,0,0,0,0
7905539,koral--/android-gif-drawable,Java,2023-05,1,0,0,1,1
7905539,koral--/android-gif-drawable,Java,2023-06,1,1,1,1,1
7905539,koral--/android-gif-drawable,Java,2023-07,1,1,1,3,2
7905539,koral--/android-gif-drawable,Java,2023-08,1,2,1,2,3
7905539,koral--/android-gif-drawable,Java,2023-09,0,0,0,0,0
7905539,koral--/android-gif-drawable,Java,2023-10,4,3,2,0,0
7905539,koral--/android-gif-drawable,Java,2023-11,0,0,0,2,1
7905539,koral--/android-gif-drawable,Java,2023-12,0,0,0,2,0
7905539,koral--/android-gif-drawable,Java,2024-01,0,0,0,0,0
7905539,koral--/android-gif-drawable,Java,2024-02,0,0,0,1,0
7905539,koral--/android-gif-drawable,Java,2024-03,0,0,0,0,1
7905539,koral--/android-gif-drawable,Java,2024-04,0,0,0,2,1
7905539,koral--/android-gif-drawable,Java,2024-05,0,0,0,0,0
7905539,koral--/android-gif-drawable,Java,2024-06,0,0,0,0,0
7905539,koral--/android-gif-drawable,Java,2024-07,1,1,1,1,1
7905539,koral--/android-gif-drawable,Java,2024-08,0,0,0,0,0
7905539,koral--/android-gif-drawable,Java,2024-09,0,0,0,0,0
7905539,koral--/android-gif-drawable,Java,2024-10,0,0,0,0,0
7905539,koral--/android-gif-drawable,Java,2024-11,0,0,0,0,0
7905539,koral--/android-gif-drawable,Java,2024-12,0,0,0,0,0
7905539,koral--/android-gif-drawable,Java,2025-01,0,0,0,0,0
7905539,koral--/android-gif-drawable,Java,2025-02,0,0,0,1,0
7905539,koral--/android-gif-drawable,Java,2025-03,0,0,0,0,0
7905539,koral--/android-gif-drawable,Java,2025-04,0,0,0,0,0
7905539,koral--/android-gif-drawable,Java,2025-05,0,0,0,0,0
7905539,koral--/android-gif-drawable,Java,2025-06,0,0,0,1,2
7905539,koral--/android-gif-drawable,Java,2025-07,0,0,0,0,0
7905539,koral--/android-gif-drawable,Java,2025-08,2,2,2,1,1
7905539,koral--/android-gif-drawable,Java,2025-09,0,0,0,5,4
7905539,koral--/android-gif-drawable,Java,2025-10,0,0,0,0,4
7905539,koral--/android-gif-drawable,Java,2025-11,2,2,0,0,0
7905539,koral--/android-gif-drawable,Java,2025-12,1,1,1,0,2
7905539,koral--/android-gif-drawable,Java,2026-01,0,0,0,1,0
7905539,koral--/android-gif-drawable,Java,2026-02,1,1,1,2,2
7905539,koral--/android-gif-drawable,Java,2026-03,0,0,0,1,0
7905539,koral--/android-gif-drawable,Java,2026-04,0,0,0,0,0
7905539,koral--/android-gif-drawable,Java,2026-05,0,0,0,0,0
7905539,koral--/android-gif-drawable,Java,2026-06,1,1,1,5,5
7905539,koral--/android-gif-drawable,Java,2026-07,0,0,0,0,0
7905539,koral--/android-gif-drawable,Java,2026-08,0,0,0,0,0
7905539,koral--/android-gif-drawable,Java,2026-09,0,0,0,0,0
10270250,react/react,JavaScript,2013-05,27,22,21,7,4
10270250,react/react,JavaScript,2013-06,67,64,54,40,12
10270250,react/react,JavaScript,2013-07,57,56,38,46,29
10270250,react/react,JavaScript,2013-08,37,25,14,25,17
10270250,react/react,JavaScript,2013-09,45,45,31,35,20
10270250,react/react,JavaScript,2013-10,38,36,21,37,23
10270250,react/react,JavaScript,2013-11,89,74,53,72,37
10270250,react/react,JavaScript,2013-12,98,107,79,50,49
10270250,react/react,JavaScript,2014-01,136,112,83,99,77
10270250,react/react,JavaScript,2014-02,109,101,74,87,72
10270250,react/react,JavaScript,2014-03,86,66,43,52,26
10270250,react/react,JavaScript,2014-04,59,81,50,68,58
10270250,react/react,JavaScript,2014-05,96,69,45,70,76
10270250,react/react,JavaScript,2014-06,52,76,40,83,56
10270250,react/react,JavaScript,2014-07,95,83,58,103,55
10270250,react/react,JavaScript,2014-08,84,65,42,71,57
10270250,react/react,JavaScript,2014-09,80,71,46,77,60
10270250,react/react,JavaScript,2014-10,83,85,61,83,73
10270250,react/react,JavaScript,2014-11,95,88,66,90,51
10270250,react/react,JavaScript,2014-12,77,69,53,86,64
10270250,react/react,JavaScript,2015-01,109,102,84,101,68
10270250,react/react,JavaScript,2015-02,145,152,100,107,114
10270250,react/react,JavaScript,2015-03,144,149,120,123,86
10270250,react/react,JavaScript,2015-04,122,115,79,118,135
10270250,react/react,JavaScript,2015-05,100,89,64,96,80
10270250,react/react,JavaScript,2015-06,146,129,104,121,103
10270250,react/react,JavaScript,2015-07,138,156,118,139,130
10270250,react/react,JavaScript,2015-08,101,104,82,107,100
10270250,react/react,JavaScript,2015-09,117,114,87,153,146
10270250,react/react,JavaScript,2015-10,162,177,129,171,163
10270250,react/react,JavaScript,2015-11,104,115,67,117,118
10270250,react/react,JavaScript,2015-12,97,101,64,90,82
10270250,react/react,JavaScript,2016-01,86,82,51,100,89
10270250,react/react,JavaScript,2016-02,92,101,61,107,145
10270250,react/react,JavaScript,2016-03,117,143,72,123,131
10270250,react/react,JavaScript,2016-04,131,123,82,145,141
10270250,react/react,JavaScript,2016-05,148,138,108,115,88
10270250,react/react,JavaScript,2016-06,117,127,75,109,108
10270250,react/react,JavaScript,2016-07,112,88,70,117,76
10270250,react/react,JavaScript,2016-08,138,123,101,95,76
10270250,react/react,JavaScript,2016-09,108,94,75,99,71
10270250,react/react,JavaScript,2016-10,235,262,163,87,169
10270250,react/react,JavaScript,2016-11,197,181,142,102,67
10270250,react/react,JavaScript,2016-12,123,101,74,74,54
10270250,react/react,JavaScript,2017-01,149,177,120,93,92
10270250,react/react,JavaScript,2017-02,115,110,84,57,50
10270250,react/react,JavaScript,2017-03,125,110,85,103,76
10270250,react/react,JavaScript,2017-04,153,180,108,99,105
10270250,react/react,JavaScript,2017-05,136,119,93,119,85
10270250,react/react,JavaScript,2017-06,151,142,114,106,90
10270250,react/react,JavaScript,2017-07,132,112,84,113,156
10270250,react/react,JavaScript,2017-08,132,121,107,116,97
10270250,react/react,JavaScript,2017-09,236,226,163,171,164
10270250,react/react,JavaScript,2017-10,212,274,155,202,489
10270250,react/react,JavaScript,2017-11,168,189,139,139,127
10270250,react/react,JavaScript,2017-12,100,73,50,110,71
10270250,react/react,JavaScript,2018-01,80,139,72,106,163
10270250,react/react,JavaScript,2018-02,70,61,47,109,80
10270250,react/react,JavaScript,2018-03,88,72,58,109,94
10270250,react/react,JavaScript,2018-04,82,81,64,132,115
10270250,react/react,JavaScript,2018-05,125,120,91,108,95
10270250,react/react,JavaScript,2018-06,68,61,46,104,102
10270250,react/react,JavaScript,2018-07,86,81,59,74,66
10270250,react/react,JavaScript,2018-08,122,143,103,105,227
10270250,react/react,JavaScript,2018-09,125,106,81,95,75
10270250,react/react,JavaScript,2018-10,127,108,76,147,88
10270250,react/react,JavaScript,2018-11,124,117,84,188,178
10270250,react/react,JavaScript,2018-12,35,26,22,111,70
10270250,react/react,JavaScript,2019-01,99,94,64,131,125
10270250,react/react,JavaScript,2019-02,88,84,59,153,152
10270250,react/react,JavaScript,2019-03,121,89,73,173,122
10270250,react/react,JavaScript,2019-04,147,162,111,121,90
10270250,react/react,JavaScript,2019-05,123,109,85,123,88
10270250,react/react,JavaScript,2019-06,123,113,91,101,63
10270250,react/react,JavaScript,2019-07,118,107,80,128,81
10270250,react/react,JavaScript,2019-08,131,125,99,228,170
10270250,react/react,JavaScript,2019-09,158,151,122,175,234
10270250,react/react,JavaScript,2019-10,124,94,72,156,106
10270250,react/react,JavaScript,2019-11,91,62,52,156,96
10270250,react/react,JavaScript,2019-12,83,87,64,171,162
10270250,react/react,JavaScript,2020-01,89,247,70,110,329
10270250,react/react,JavaScript,2020-02,120,133,99,96,110
10270250,react/react,JavaScript,2020-03,150,142,120,106,117
10270250,react/react,JavaScript,2020-04,206,201,152,134,130
10270250,react/react,JavaScript,2020-05,136,130,112,124,112
10270250,react/react,JavaScript,2020-06,62,54,28,92,87
10270250,react/react,JavaScript,2020-07,172,188,117,117,156
10270250,react/react,JavaScript,2020-08,116,107,78,105,110
10270250,react/react,JavaScript,2020-09,109,99,59,95,80
10270250,react/react,JavaScript,2020-10,91,89,55,104,92
10270250,react/react,JavaScript,2020-11,96,68,48,112,82
10270250,react/react,JavaScript,2020-12,92,74,52,75,61
10270250,react/react,JavaScript,2021-01,86,77,48,89,72
10270250,react/react,JavaScript,2021-02,100,118,71,89,74
10270250,react/react,JavaScript,2021-03,144,132,94,103,149
10270250,react/react,JavaScript,2021-04,131,120,101,110,97
10270250,react/react,JavaScript,2021-05,97,88,45,93,86
10270250,react/react,JavaScript,2021-06,88,86,68,89,64
10270250,react/react,JavaScript,2021-07,99,90,69,111,76
10270250,react/react,JavaScript,2021-08,137,117,69,87,69
10270250,react/react,JavaScript,2021-09,166,173,115,82,72
10270250,react/react,JavaScript,2021-10,103,79,56,79,51
10270250,react/react,JavaScript,2021-11,104,108,57,73,52
10270250,react/react,JavaScript,2021-12,84,65,35,117,101
10270250,react/react,JavaScript,2022-01,70,86,27,87,68
10270250,react/react,JavaScript,2022-02,105,91,54,60,42
10270250,react/react,JavaScript,2022-03,127,135,68,101,145
10270250,react/react,JavaScript,2022-04,121,117,67,105,117
10270250,react/react,JavaScript,2022-05,97,84,51,72,51
10270250,react/react,JavaScript,2022-06,106,85,62,74,45
10270250,react/react,JavaScript,2022-07,95,63,34,83,49
10270250,react/react,JavaScript,2022-08,81,76,37,61,35
10270250,react/react,JavaScript,2022-09,134,137,93,68,45
10270250,react/react,JavaScript,2022-10,162,255,95,58,32
10270250,react/react,JavaScript,2022-11,79,63,37,71,35
10270250,react/react,JavaScript,2022-12,100,87,49,86,62
10270250,react/react,JavaScript,2023-01,73,71,37,48,24
10270250,react/react,JavaScript,2023-02,117,109,69,61,46
10270250,react/react,JavaScript,2023-03,184,182,146,70,43
10270250,react/react,JavaScript,2023-04,131,109,89,79,63
10270250,react/react,JavaScript,2023-05,80,62,48,43,38
10270250,react/react,JavaScript,2023-06,91,56,40,55,21
10270250,react/react,JavaScript,2023-07,82,37,18,48,14
10270250,react/react,JavaScript,2023-08,82,73,47,62,23
10270250,react/react,JavaScript,2023-09,81,78,61,32,15
10270250,react/react,JavaScript,2023-10,133,121,62,51,60
10270250,react/react,JavaScript,2023-11,62,63,46,62,18
10270250,react/react,JavaScript,2023-12,50,58,33,45,22
10270250,react/react,JavaScript,2024-01,184,139,106,61,55
10270250,react/react,JavaScript,2024-02,237,240,202,50,47
10270250,react/react,JavaScript,2024-03,167,204,137,47,34
10270250,react/react,JavaScript,2024-04,208,463,160,55,552
10270250,react/react,JavaScript,2024-05,243,223,159,128,85
10270250,react/react,JavaScript,2024-06,239,223,164,73,65
10270250,react/react,JavaScript,2024-07,258,297,218,31,102
10270250,react/react,JavaScript,2024-08,239,218,170,45,43
10270250,react/react,JavaScript,2024-09,204,201,138,29,41
10270250,react/react,JavaScript,2024-10,156,163,106,79,35
10270250,react/react,JavaScript,2024-11,122,129,88,79,54
10270250,react/react,JavaScript,2024-12,183,163,116,90,46
10270250,react/react,JavaScript,2025-01,187,174,124,96,90
10270250,react/react,JavaScript,2025-02,108,117,88,75,74
10270250,react/react,JavaScript,2025-03,213,201,170,70,63
10270250,react/react,JavaScript,2025-04,146,137,108,60,28
10270250,react/react,JavaScript,2025-05,175,138,113,55,30
10270250,react/react,JavaScript,2025-06,198,236,125,48,88
10270250,react/react,JavaScript,2025-07,191,184,135,177,170
10270250,react/react,JavaScript,2025-08,195,176,133,62,62
10270250,react/react,JavaScript,2025-09,250,238,156,51,50
10270250,react/react,JavaScript,2025-10,244,254,165,102,92
10270250,react/react,JavaScript,2025-11,125,114,81,70,36
10270250,react/react,JavaScript,2025-12,113,99,39,51,59
10270250,react/react,JavaScript,2026-01,172,123,65,51,55
10270250,react/react,JavaScript,2026-02,205,176,87,36,62
10270250,react/react,JavaScript,2026-03,147,107,41,50,47
10270250,react/react,JavaScript,2026-04,144,87,29,42,38
10270250,react/react,JavaScript,2026-05,153,110,47,36,28
10270250,react/react,JavaScript,2026-06,182,225,60,40,31
10270250,react/react,JavaScript,2026-07,203,189,72,47,84
10270250,react/react,JavaScript,2026-08,201,168,45,79,27
11730342,vuejs/vue,TypeScript,2013-07,0,0,0,0,0
11730342,vuejs/vue,TypeScript,2013-08,0,0,0,0,0
11730342,vuejs/vue,TypeScript,2013-09,0,0,0,9,1
11730342,vuejs/vue,TypeScript,2013-10,0,0,0,18,20
11730342,vuejs/vue,TypeScript,2013-11,0,0,0,14,18
11730342,vuejs/vue,TypeScript,2013-12,0,0,0,10,10
11730342,vuejs/vue,TypeScript,2014-01,0,0,0,11,8
11730342,vuejs/vue,TypeScript,2014-02,11,11,5,79,75
11730342,vuejs/vue,TypeScript,2014-03,6,6,0,57,57
11730342,vuejs/vue,TypeScript,2014-04,1,1,1,35,30
11730342,vuejs/vue,TypeScript,2014-05,6,5,3,32,26
11730342,vuejs/vue,TypeScript,2014-06,8,9,4,35,30
11730342,vuejs/vue,TypeScript,2014-07,6,5,1,41,31
11730342,vuejs/vue,TypeScript,2014-08,4,4,2,26,22
11730342,vuejs/vue,TypeScript,2014-09,2,3,1,35,62
11730342,vuejs/vue,TypeScript,2014-10,3,3,2,77,73
11730342,vuejs/vue,TypeScript,2014-11,8,7,2,69,70
11730342,vuejs/vue,TypeScript,2014-12,1,1,1,52,46
11730342,vuejs/vue,TypeScript,2015-01,2,0,0,36,19
11730342,vuejs/vue,TypeScript,2015-02,6,6,6,24,24
11730342,vuejs/vue,TypeScript,2015-03,6,6,0,25,14
11730342,vuejs/vue,TypeScript,2015-04,10,12,7,45,55
11730342,vuejs/vue,TypeScript,2015-05,8,7,4,61,86
11730342,vuejs/vue,TypeScript,2015-06,9,9,6,99,101
11730342,vuejs/vue,TypeScript,2015-07,2,3,2,114,112
11730342,vuejs/vue,TypeScript,2015-08,14,12,9,109,111
11730342,vuejs/vue,TypeScript,2015-09,14,16,8,133,135
11730342,vuejs/vue,TypeScript,2015-10,12,12,8,110,110
11730342,vuejs/vue,TypeScript,2015-11,19,20,11,154,148
11730342,vuejs/vue,TypeScript,2015-12,15,14,9,140,139
11730342,vuejs/vue,TypeScript,2016-01,20,16,14,138,137
11730342,vuejs/vue,TypeScript,2016-02,12,14,5,99,94
11730342,vuejs/vue,TypeScript,2016-03,21,20,15,131,135
11730342,vuejs/vue,TypeScript,2016-04,40,39,30,137,127
11730342,vuejs/vue,TypeScript,2016-05,52,53,37,115,116
11730342,vuejs/vue,TypeScript,2016-06,31,33,26,139,146
11730342,vuejs/vue,TypeScript,2016-07,16,16,10,145,143
11730342,vuejs/vue,TypeScript,2016-08,17,13,8,200,188
11730342,vuejs/vue,TypeScript,2016-09,35,39,25,172,171
11730342,vuejs/vue,TypeScript,2016-10,45,36,25,209,179
11730342,vuejs/vue,TypeScript,2016-11,46,57,39,229,249
11730342,vuejs/vue,TypeScript,2016-12,41,37,27,228,218
11730342,vuejs/vue,TypeScript,2017-01,29,26,21,176,176
11730342,vuejs/vue,TypeScript,2017-02,48,43,29,166,167
11730342,vuejs/vue,TypeScript,2017-03,59,54,39,249,239
11730342,vuejs/vue,TypeScript,2017-04,21,24,20,197,208
11730342,vuejs/vue,TypeScript,2017-05,40,38,26,186,176
11730342,vuejs/vue,TypeScript,2017-06,39,38,24,172,158
11730342,vuejs/vue,TypeScript,2017-07,31,29,16,216,220
11730342,vuejs/vue,TypeScript,2017-08,32,19,8,198,177
11730342,vuejs/vue,TypeScript,2017-09,39,53,32,197,228
11730342,vuejs/vue,TypeScript,2017-10,54,54,31,201,195
11730342,vuejs/vue,TypeScript,2017-11,37,36,23,143,154
11730342,vuejs/vue,TypeScript,2017-12,34,32,19,152,141
11730342,vuejs/vue,TypeScript,2018-01,32,16,5,199,173
11730342,vuejs/vue,TypeScript,2018-02,23,4,3,119,107
11730342,vuejs/vue,TypeScript,2018-03,50,71,44,166,177
11730342,vuejs/vue,TypeScript,2018-04,37,15,5,134,112
11730342,vuejs/vue,TypeScript,2018-05,27,7,1,146,134
11730342,vuejs/vue,TypeScript,2018-06,26,9,0,127,118
11730342,vuejs/vue,TypeScript,2018-07,25,7,0,119,94
11730342,vuejs/vue,TypeScript,2018-08,31,16,6,126,115
11730342,vuejs/vue,TypeScript,2018-09,12,7,2,119,104
11730342,vuejs/vue,TypeScript,2018-10,22,75,43,104,105
11730342,vuejs/vue,TypeScript,2018-11,24,23,13,94,89
11730342,vuejs/vue,TypeScript,2018-12,32,69,48,110,141
11730342,vuejs/vue,TypeScript,2019-01,45,35,11,87,83
11730342,vuejs/vue,TypeScript,2019-02,40,37,22,153,147
11730342,vuejs/vue,TypeScript,2019-03,35,28,23,159,147
11730342,vuejs/vue,TypeScript,2019-04,36,24,17,128,122
11730342,vuejs/vue,TypeScript,2019-05,20,13,5,108,96
11730342,vuejs/vue,TypeScript,2019-06,19,11,7,99,85
11730342,vuejs/vue,TypeScript,2019-07,26,14,6,95,87
11730342,vuejs/vue,TypeScript,2019-08,24,15,4,102,92
11730342,vuejs/vue,TypeScript,2019-09,24,18,5,101,91
11730342,vuejs/vue,TypeScript,2019-10,40,28,16,91,75
11730342,vuejs/vue,TypeScript,2019-11,15,9,4,77,67
11730342,vuejs/vue,TypeScript,2019-12,13,10,4,74,65
11730342,vuejs/vue,TypeScript,2020-01,23,14,6,67,59
11730342,vuejs/vue,TypeScript,2020-02,32,17,8,61,56
11730342,vuejs/vue,TypeScript,2020-03,25,14,7,76,69
11730342,vuejs/vue,TypeScript,2020-04,20,10,4,73,63
11730342,vuejs/vue,TypeScript,2020-05,14,6,1,40,34
11730342,vuejs/vue,TypeScript,2020-06,15,8,4,42,37
11730342,vuejs/vue,TypeScript,2020-07,25,16,2,47,44
11730342,vuejs/vue,TypeScript,2020-08,23,24,5,51,47
11730342,vuejs/vue,TypeScript,2020-09,11,23,11,50,53
11730342,vuejs/vue,TypeScript,2020-10,22,13,4,28,23
11730342,vuejs/vue,TypeScript,2020-11,17,13,3,34,27
11730342,vuejs/vue,TypeScript,2020-12,17,10,2,29,26
11730342,vuejs/vue,TypeScript,2021-01,12,9,4,38,34
11730342,vuejs/vue,TypeScript,2021-02,9,6,0,19,19
11730342,vuejs/vue,TypeScript,2021-03,24,38,19,41,49
11730342,vuejs/vue,TypeScript,2021-04,26,36,16,30,36
11730342,vuejs/vue,TypeScript,2021-05,17,8,2,32,31
11730342,vuejs/vue,TypeScript,2021-06,11,13,6,48,51
11730342,vuejs/vue,TypeScript,2021-07,14,10,2,26,27
11730342,vuejs/vue,TypeScript,2021-08,17,14,5,30,38
11730342,vuejs/vue,TypeScript,2021-09,21,18,7,33,30
11730342,vuejs/vue,TypeScript,2021-10,18,12,3,18,18
11730342,vuejs/vue,TypeScript,2021-11,12,11,8,15,16
11730342,vuejs/vue,TypeScript,2021-12,10,5,1,26,26
11730342,vuejs/vue,TypeScript,2022-01,14,9,3,30,28
11730342,vuejs/vue,TypeScript,2022-02,21,16,3,12,10
11730342,vuejs/vue,TypeScript,2022-03,12,8,0,14,12
11730342,vuejs/vue,TypeScript,2022-04,12,8,0,8,7
11730342,vuejs/vue,TypeScript,2022-05,6,20,0,9,11
11730342,vuejs/vue,TypeScript,2022-06,21,16,3,21,20
11730342,vuejs/vue,TypeScript,2022-07,35,37,16,94,80
11730342,vuejs/vue,TypeScript,2022-08,26,23,10,26,34
11730342,vuejs/vue,TypeScript,2022-09,18,10,0,18,6
11730342,vuejs/vue,TypeScript,2022-10,24,24,8,24,22
11730342,vuejs/vue,TypeScript,2022-11,23,15,4,7,12
11730342,vuejs/vue,TypeScript,2022-12,14,14,4,13,7
11730342,vuejs/vue,TypeScript,2023-01,18,13,1,12,3
11730342,vuejs/vue,TypeScript,2023-02,14,10,1,11,6
11730342,vuejs/vue,TypeScript,2023-03,13,7,0,11,4
11730342,vuejs/vue,TypeScript,2023-04,8,8,1,8,7
11730342,vuejs/vue,TypeScript,2023-05,6,5,0,2,1
11730342,vuejs/vue,TypeScript,2023-06,9,9,0,9,5
11730342,vuejs/vue,TypeScript,2023-07,9,7,0,9,6
11730342,vuejs/vue,TypeScript,2023-08,11,13,0,5,4
11730342,vuejs/vue,TypeScript,2023-09,7,7,0,9,5
11730342,vuejs/vue,TypeScript,2023-10,11,17,8,4,6
11730342,vuejs/vue,TypeScript,2023-11,11,9,0,5,4
11730342,vuejs/vue,TypeScript,2023-12,12,24,6,6,32
11730342,vuejs/vue,TypeScript,2024-01,21,19,0,0,0
11730342,vuejs/vue,TypeScript,2024-02,7,10,0,2,2
11730342,vuejs/vue,TypeScript,2024-03,4,6,0,2,2
11730342,vuejs/vue,TypeScript,2024-04,3,4,0,0,0
11730342,vuejs/vue,TypeScript,2024-05,8,8,1,0,0
11730342,vuejs/vue,TypeScript,2024-06,7,7,1,0,0
11730342,vuejs/vue,TypeScript,2024-07,4,3,0,0,1
11730342,vuejs/vue,TypeScript,2024-08,8,9,0,2,3
11730342,vuejs/vue,TypeScript,2024-09,2,2,0,1,0
11730342,vuejs/vue,TypeScript,2024-10,9,8,1,0,1
11730342,vuejs/vue,TypeScript,2024-11,3,3,0,0,1
11730342,vuejs/vue,TypeScript,2024-12,0,2,0,0,0
11730342,vuejs/vue,TypeScript,2025-01,5,3,0,0,0
11730342,vuejs/vue,TypeScript,2025-02,3,4,0,5,2
11730342,vuejs/vue,TypeScript,2025-03,2,3,0,4,4
11730342,vuejs/vue,TypeScript,2025-04,3,2,0,0,1
11730342,vuejs/vue,TypeScript,2025-05,5,6,0,0,1
11730342,vuejs/vue,TypeScript,2025-06,3,3,0,0,0
11730342,vuejs/vue,TypeScript,2025-07,9,9,0,1,1
11730342,vuejs/vue,TypeScript,2025-08,5,1,0,0,0
11730342,vuejs/vue,TypeScript,2025-09,4,1,0,0,0
11730342,vuejs/vue,TypeScript,2025-10,4,3,0,0,0
11730342,vuejs/vue,TypeScript,2025-11,5,0,0,1,0
11730342,vuejs/vue,TypeScript,2025-12,2,4,0,0,0
11730342,vuejs/vue,TypeScript,2026-01,6,3,0,0,0
11730342,vuejs/vue,TypeScript,2026-02,7,4,0,3,0
11730342,vuejs/vue,TypeScript,2026-03,3,4,0,1,1
11730342,vuejs/vue,TypeScript,2026-04,8,9,0,0,0
11730342,vuejs/vue,TypeScript,2026-05,7,5,0,1,1
11730342,vuejs/vue,TypeScript,2026-06,11,4,0,5,0
11730342,vuejs/vue,TypeScript,2026-07,3,1,0,0,0
11730342,vuejs/vue,TypeScript,2026-08,1,1,0,0,0
11730342,vuejs/vue,TypeScript,2026-09,1,0,0,0,0
33340924,blakemcbride/eclipse-lisp,C,2015-04,0,0,0,1,0
33340924,blakemcbride/eclipse-lisp,C,2015-05,0,0,0,0,0
33340924,blakemcbride/eclipse-lisp,C,2015-06,0,0,0,0,0
33340924,blakemcbride/eclipse-lisp,C,2015-07,0,0,0,0,0
33340924,blakemcbride/eclipse-lisp,C,2015-08,0,0,0,0,0
33340924,blakemcbride/eclipse-lisp,C,2015-09,0,0,0,0,0
33340924,blakemcbride/eclipse-lisp,C,2015-10,0,0,0,0,0
33340924,blakemcbride/eclipse-lisp,C,2015-11,0,0,0,0,0
33340924,blakemcbride/eclipse-lisp,C,2015-12,0,0,0,0,0
33340924,blakemcbride/eclipse-lisp,C,2016-01,0,0,0,0,0
33340924,blakemcbride/eclipse-lisp,C,2016-02,0,0,0,0,0
33340924,blakemcbride/eclipse-lisp,C,2016-03,0,0,0,0,0
33340924,blakemcbride/eclipse-lisp,C,2016-04,0,0,0,0,0
33340924,blakemcbride/eclipse-lisp,C,2016-05,0,0,0,0,0
33340924,blakemcbride/eclipse-lisp,C,2016-06,0,0,0,0,0
33340924,blakemcbride/eclipse-lisp,C,2016-07,0,0,0,0,0
33340924,blakemcbride/eclipse-lisp,C,2016-08,0,0,0,0,0
33340924,blakemcbride/eclipse-lisp,C,2016-09,0,0,0,0,0
33340924,blakemcbride/eclipse-lisp,C,2016-10,0,0,0,0,0
33340924,blakemcbride/eclipse-lisp,C,2016-11,0,0,0,0,0
33340924,blakemcbride/eclipse-lisp,C,2016-12,0,0,0,0,0
33340924,blakemcbride/eclipse-lisp,C,2017-01,0,0,0,0,0
33340924,blakemcbride/eclipse-lisp,C,2017-02,0,0,0,0,0
33340924,blakemcbride/eclipse-lisp,C,2017-03,0,0,0,0,0
33340924,blakemcbride/eclipse-lisp,C,2017-04,0,0,0,0,0
33340924,blakemcbride/eclipse-lisp,C,2017-05,0,0,0,0,0
33340924,blakemcbride/eclipse-lisp,C,2017-06,0,0,0,0,0
33340924,blakemcbride/eclipse-lisp,C,2017-07,0,0,0,0,0
33340924,blakemcbride/eclipse-lisp,C,2017-08,0,0,0,0,0
33340924,blakemcbride/eclipse-lisp,C,2017-09,0,0,0,0,0
33340924,blakemcbride/eclipse-lisp,C,2017-10,0,0,0,0,0
33340924,blakemcbride/eclipse-lisp,C,2017-11,0,0,0,0,0
33340924,blakemcbride/eclipse-lisp,C,2017-12,0,0,0,0,0
33340924,blakemcbride/eclipse-lisp,C,2018-01,0,0,0,0,0
33340924,blakemcbride/eclipse-lisp,C,2018-02,0,0,0,0,0
33340924,blakemcbride/eclipse-lisp,C,2018-03,0,0,0,0,0
33340924,blakemcbride/eclipse-lisp,C,2018-04,0,0,0,0,0
33340924,blakemcbride/eclipse-lisp,C,2018-05,0,0,0,0,0
33340924,blakemcbride/eclipse-lisp,C,2018-06,0,0,0,0,0
33340924,blakemcbride/eclipse-lisp,C,2018-07,0,0,0,0,0
33340924,blakemcbride/eclipse-lisp,C,2018-08,0,0,0,0,0
33340924,blakemcbride/eclipse-lisp,C,2018-09,0,0,0,0,0
33340924,blakemcbride/eclipse-lisp,C,2018-10,0,0,0,1,0
33340924,blakemcbride/eclipse-lisp,C,2018-11,0,0,0,0,0
33340924,blakemcbride/eclipse-lisp,C,2018-12,0,0,0,0,0
33340924,blakemcbride/eclipse-lisp,C,2019-01,0,0,0,0,0
33340924,blakemcbride/eclipse-lisp,C,2019-02,0,0,0,0,0
33340924,blakemcbride/eclipse-lisp,C,2019-03,0,0,0,0,0
33340924,blakemcbride/eclipse-lisp,C,2019-04,0,0,0,0,0
33340924,blakemcbride/eclipse-lisp,C,2019-05,0,0,0,0,0
33340924,blakemcbride/eclipse-lisp,C,2019-06,0,0,0,0,0
33340924,blakemcbride/eclipse-lisp,C,2019-07,0,0,0,0,0
33340924,blakemcbride/eclipse-lisp,C,2019-08,0,0,0,0,0
33340924,blakemcbride/eclipse-lisp,C,2019-09,0,0,0,0,0
33340924,blakemcbride/eclipse-lisp,C,2019-10,0,0,0,0,0
33340924,blakemcbride/eclipse-lisp,C,2019-11,0,0,0,0,0
33340924,blakemcbride/eclipse-lisp,C,2019-12,0,0,0,0,0
33340924,blakemcbride/eclipse-lisp,C,2020-01,0,0,0,0,0
33340924,blakemcbride/eclipse-lisp,C,2020-02,0,0,0,0,0
33340924,blakemcbride/eclipse-lisp,C,2020-03,0,0,0,0,0
33340924,blakemcbride/eclipse-lisp,C,2020-04,0,0,0,0,0
33340924,blakemcbride/eclipse-lisp,C,2020-05,0,0,0,0,0
33340924,blakemcbride/eclipse-lisp,C,2020-06,0,0,0,0,0
33340924,blakemcbride/eclipse-lisp,C,2020-07,0,0,0,0,0
33340924,blakemcbride/eclipse-lisp,C,2020-08,0,0,0,0,0
33340924,blakemcbride/eclipse-lisp,C,2020-09,0,0,0,0,0
33340924,blakemcbride/eclipse-lisp,C,2020-10,0,0,0,0,0
33340924,blakemcbride/eclipse-lisp,C,2020-11,0,0,0,0,0
33340924,blakemcbride/eclipse-lisp,C,2020-12,0,0,0,0,0
33340924,blakemcbride/eclipse-lisp,C,2021-01,0,0,0,0,0
33340924,blakemcbride/eclipse-lisp,C,2021-02,0,0,0,0,0
33340924,blakemcbride/eclipse-lisp,C,2021-03,0,0,0,0,0
33340924,blakemcbride/eclipse-lisp,C,2021-04,0,0,0,0,0
33340924,blakemcbride/eclipse-lisp,C,2021-05,0,0,0,0,0
33340924,blakemcbride/eclipse-lisp,C,2021-06,0,0,0,0,0
33340924,blakemcbride/eclipse-lisp,C,2021-07,0,0,0,0,0
33340924,blakemcbride/eclipse-lisp,C,2021-08,0,0,0,0,0
33340924,blakemcbride/eclipse-lisp,C,2021-09,0,0,0,0,0
33340924,blakemcbride/eclipse-lisp,C,2021-10,0,0,0,0,0
33340924,blakemcbride/eclipse-lisp,C,2021-11,0,0,0,0,0
33340924,blakemcbride/eclipse-lisp,C,2021-12,0,0,0,0,0
33340924,blakemcbride/eclipse-lisp,C,2022-01,0,0,0,0,0
33340924,blakemcbride/eclipse-lisp,C,2022-02,0,0,0,0,0
33340924,blakemcbride/eclipse-lisp,C,2022-03,0,0,0,0,0
33340924,blakemcbride/eclipse-lisp,C,2022-04,0,0,0,0,0
33340924,blakemcbride/eclipse-lisp,C,2022-05,0,0,0,0,0
33340924,blakemcbride/eclipse-lisp,C,2022-06,0,0,0,0,0
33340924,blakemcbride/eclipse-lisp,C,2022-07,0,0,0,0,0
33340924,blakemcbride/eclipse-lisp,C,2022-08,0,0,0,0,0
33340924,blakemcbride/eclipse-lisp,C,2022-09,0,0,0,0,0
33340924,blakemcbride/eclipse-lisp,C,2022-10,0,0,0,0,0
33340924,blakemcbride/eclipse-lisp,C,2022-11,0,0,0,0,0
33340924,blakemcbride/eclipse-lisp,C,2022-12,0,0,0,0,0
33340924,blakemcbride/eclipse-lisp,C,2023-01,0,0,0,0,0
33340924,blakemcbride/eclipse-lisp,C,2023-02,0,0,0,0,0
33340924,blakemcbride/eclipse-lisp,C,2023-03,0,0,0,0,0
33340924,blakemcbride/eclipse-lisp,C,2023-04,0,0,0,0,0
33340924,blakemcbride/eclipse-lisp,C,2023-05,0,0,0,0,0
33340924,blakemcbride/eclipse-lisp,C,2023-06,0,0,0,0,0
33340924,blakemcbride/eclipse-lisp,C,2023-07,0,0,0,0,0
33340924,blakemcbride/eclipse-lisp,C,2023-08,0,0,0,0,0
33340924,blakemcbride/eclipse-lisp,C,2023-09,0,0,0,0,0
33340924,blakemcbride/eclipse-lisp,C,2023-10,0,0,0,0,0
33340924,blakemcbride/eclipse-lisp,C,2023-11,0,0,0,0,0
33340924,blakemcbride/eclipse-lisp,C,2023-12,0,0,0,0,0
33340924,blakemcbride/eclipse-lisp,C,2024-01,0,0,0,0,0
33340924,blakemcbride/eclipse-lisp,C,2024-02,0,0,0,0,0
33340924,blakemcbride/eclipse-lisp,C,2024-03,0,0,0,0,0
33340924,blakemcbride/eclipse-lisp,C,2024-04,0,0,0,0,0
33340924,blakemcbride/eclipse-lisp,C,2024-05,0,0,0,1,0
33340924,blakemcbride/eclipse-lisp,C,2024-06,0,0,0,0,0
33340924,blakemcbride/eclipse-lisp,C,2024-07,0,0,0,0,0
33340924,blakemcbride/eclipse-lisp,C,2024-08,0,0,0,0,0
33340924,blakemcbride/eclipse-lisp,C,2024-09,0,0,0,0,0
33340924,blakemcbride/eclipse-lisp,C,2024-10,0,0,0,0,0
33340924,blakemcbride/eclipse-lisp,C,2024-11,0,0,0,0,0
33340924,blakemcbride/eclipse-lisp,C,2024-12,0,0,0,0,0
33340924,blakemcbride/eclipse-lisp,C,2025-01,0,0,0,0,0
33340924,blakemcbride/eclipse-lisp,C,2025-02,0,0,0,0,2
33340924,blakemcbride/eclipse-lisp,C,2025-03,0,0,0,0,0
33340924,blakemcbride/eclipse-lisp,C,2025-04,0,0,0,0,0
33340924,blakemcbride/eclipse-lisp,C,2025-05,0,0,0,0,0
33340924,blakemcbride/eclipse-lisp,C,2025-06,0,0,0,0,0
33340924,blakemcbride/eclipse-lisp,C,2025-07,0,0,0,0,0
33340924,blakemcbride/eclipse-lisp,C,2025-08,0,0,0,0,0
33340924,blakemcbride/eclipse-lisp,C,2025-09,0,0,0,0,0
33340924,blakemcbride/eclipse-lisp,C,2025-10,0,0,0,0,0
33340924,blakemcbride/eclipse-lisp,C,2025-11,0,0,0,0,0
33340924,blakemcbride/eclipse-lisp,C,2025-12,0,0,0,0,0
33340924,blakemcbride/eclipse-lisp,C,2026-01,0,0,0,0,0
33340924,blakemcbride/eclipse-lisp,C,2026-02,0,0,0,0,0
33340924,blakemcbride/eclipse-lisp,C,2026-03,0,0,0,0,1
33340924,blakemcbride/eclipse-lisp,C,2026-04,0,0,0,0,0
33340924,blakemcbride/eclipse-lisp,C,2026-05,0,0,0,0,0
33340924,blakemcbride/eclipse-lisp,C,2026-06,0,0,0,0,0
33340924,blakemcbride/eclipse-lisp,C,2026-07,0,0,0,0,0
33340924,blakemcbride/eclipse-lisp,C,2026-08,0,0,0,0,0
64840597,photopea/Typr.js,JavaScript,2016-08,0,0,0,3,3
64840597,photopea/Typr.js,JavaScript,2016-09,0,0,0,0,0
64840597,photopea/Typr.js,JavaScript,2016-10,0,0,0,2,0
64840597,photopea/Typr.js,JavaScript,2016-11,0,0,0,0,0
64840597,photopea/Typr.js,JavaScript,2016-12,0,0,0,0,0
64840597,photopea/Typr.js,JavaScript,2017-01,0,0,0,2,2
64840597,photopea/Typr.js,JavaScript,2017-02,0,0,0,0,0
64840597,photopea/Typr.js,JavaScript,2017-03,0,0,0,0,0
64840597,photopea/Typr.js,JavaScript,2017-04,0,0,0,1,1
64840597,photopea/Typr.js,JavaScript,2017-05,0,0,0,0,0
64840597,photopea/Typr.js,JavaScript,2017-06,0,0,0,3,3
64840597,photopea/Typr.js,JavaScript,2017-07,0,0,0,2,3
64840597,photopea/Typr.js,JavaScript,2017-08,0,0,0,0,0
64840597,photopea/Typr.js,JavaScript,2017-09,0,0,0,0,0
64840597,photopea/Typr.js,JavaScript,2017-10,0,0,0,0,0
64840597,photopea/Typr.js,JavaScript,2017-11,0,0,0,1,0
64840597,photopea/Typr.js,JavaScript,2017-12,0,0,0,0,0
64840597,photopea/Typr.js,JavaScript,2018-01,2,1,0,2,3
64840597,photopea/Typr.js,JavaScript,2018-02,0,0,0,0,0
64840597,photopea/Typr.js,JavaScript,2018-03,0,0,0,1,1
64840597,photopea/Typr.js,JavaScript,2018-04,0,0,0,0,0
64840597,photopea/Typr.js,JavaScript,2018-05,0,0,0,0,0
64840597,photopea/Typr.js,JavaScript,2018-06,0,0,0,0,0
64840597,photopea/Typr.js,JavaScript,2018-07,0,0,0,0,0
64840597,photopea/Typr.js,JavaScript,2018-08,0,0,0,2,2
64840597,photopea/Typr.js,JavaScript,2018-09,0,0,0,0,0
64840597,photopea/Typr.js,JavaScript,2018-10,0,0,0,2,3
64840597,photopea/Typr.js,JavaScript,2018-11,0,0,0,2,2
64840597,photopea/Typr.js,JavaScript,2018-12,0,0,0,1,1
64840597,photopea/Typr.js,JavaScript,2019-01,0,0,0,1,1
64840597,photopea/Typr.js,JavaScript,2019-02,0,0,0,0,0
64840597,photopea/Typr.js,JavaScript,2019-03,1,0,0,0,0
64840597,photopea/Typr.js,JavaScript,2019-04,0,1,0,0,0
64840597,photopea/Typr.js,JavaScript,2019-05,0,0,0,0,0
64840597,photopea/Typr.js,JavaScript,2019-06,0,0,0,0,0
64840597,photopea/Typr.js,JavaScript,2019-07,1,0,0,0,0
64840597,photopea/Typr.js,JavaScript,2019-08,1,1,1,0,0
64840597,photopea/Typr.js,JavaScript,2019-09,0,0,0,0,0
64840597,photopea/Typr.js,JavaScript,2019-10,0,0,0,2,1
64840597,photopea/Typr.js,JavaScript,2019-11,0,0,0,1,1
64840597,photopea/Typr.js,JavaScript,2019-12,2,0,0,0,0
64840597,photopea/Typr.js,JavaScript,2020-01,0,1,0,0,0
64840597,photopea/Typr.js,JavaScript,2020-02,0,0,0,0,0
64840597,photopea/Typr.js,JavaScript,2020-03,0,0,0,0,0
64840597,photopea/Typr.js,JavaScript,2020-04,0,0,0,0,1
64840597,photopea/Typr.js,JavaScript,2020-05,0,0,0,1,1
64840597,photopea/Typr.js,JavaScript,2020-06,0,0,0,0,0
64840597,photopea/Typr.js,JavaScript,2020-07,0,1,0,0,0
64840597,photopea/Typr.js,JavaScript,2020-08,0,0,0,0,0
64840597,photopea/Typr.js,JavaScript,2020-09,0,0,0,0,0
64840597,photopea/Typr.js,JavaScript,2020-10,0,0,0,1,1
64840597,photopea/Typr.js,JavaScript,2020-11,0,0,0,1,0
64840597,photopea/Typr.js,JavaScript,2020-12,0,0,0,0,0
64840597,photopea/Typr.js,JavaScript,2021-01,0,0,0,0,0
64840597,photopea/Typr.js,JavaScript,2021-02,0,0,0,0,0
64840597,photopea/Typr.js,JavaScript,2021-03,0,0,0,0,0
64840597,photopea/Typr.js,JavaScript,2021-04,0,0,0,0,0
64840597,photopea/Typr.js,JavaScript,2021-05,0,0,0,0,0
64840597,photopea/Typr.js,JavaScript,2021-06,0,0,0,0,0
64840597,photopea/Typr.js,JavaScript,2021-07,0,0,0,0,0
64840597,photopea/Typr.js,JavaScript,2021-08,0,0,0,0,0
64840597,photopea/Typr.js,JavaScript,2021-09,1,0,0,0,0
64840597,photopea/Typr.js,JavaScript,2021-10,0,0,0,1,0
64840597,photopea/Typr.js,JavaScript,2021-11,0,0,0,0,1
64840597,photopea/Typr.js,JavaScript,2021-12,0,0,0,0,0
64840597,photopea/Typr.js,JavaScript,2022-01,0,0,0,0,0
64840597,photopea/Typr.js,JavaScript,2022-02,0,0,0,0,0
64840597,photopea/Typr.js,JavaScript,2022-03,0,0,0,0,0
64840597,photopea/Typr.js,JavaScript,2022-04,0,0,0,1,1
64840597,photopea/Typr.js,JavaScript,2022-05,0,0,0,0,0
64840597,photopea/Typr.js,JavaScript,2022-06,0,0,0,0,0
64840597,photopea/Typr.js,JavaScript,2022-07,0,0,0,0,0
64840597,photopea/Typr.js,JavaScript,2022-08,0,0,0,1,0
64840597,photopea/Typr.js,JavaScript,2022-09,0,0,0,2,1
64840597,photopea/Typr.js,JavaScript,2022-10,0,0,0,0,1
64840597,photopea/Typr.js,JavaScript,2022-11,0,0,0,0,0
64840597,photopea/Typr.js,JavaScript,2022-12,0,0,0,0,0
64840597,photopea/Typr.js,JavaScript,2023-01,0,0,0,0,0
64840597,photopea/Typr.js,JavaScript,2023-02,0,0,0,2,1
64840597,photopea/Typr.js,JavaScript,2023-03,0,0,0,0,0
64840597,photopea/Typr.js,JavaScript,2023-04,0,0,0,0,0
64840597,photopea/Typr.js,JavaScript,2023-05,0,0,0,0,0
64840597,photopea/Typr.js,JavaScript,2023-06,0,0,0,0,0
64840597,photopea/Typr.js,JavaScript,2023-07,0,0,0,0,0
64840597,photopea/Typr.js,JavaScript,2023-08,0,0,0,0,0
64840597,photopea/Typr.js,JavaScript,2023-09,0,0,0,0,0
64840597,photopea/Typr.js,JavaScript,2023-10,0,0,0,2,1
64840597,photopea/Typr.js,JavaScript,2023-11,0,0,0,0,0
64840597,photopea/Typr.js,JavaScript,2023-12,0,0,0,0,0
64840597,photopea/Typr.js,JavaScript,2024-01,0,2,0,1,1
64840597,photopea/Typr.js,JavaScript,2024-02,0,0,0,0,0
64840597,photopea/Typr.js,JavaScript,2024-03,0,0,0,0,0
64840597,photopea/Typr.js,JavaScript,2024-04,0,0,0,2,1
64840597,photopea/Typr.js,JavaScript,2024-05,0,0,0,0,0
64840597,photopea/Typr.js,JavaScript,2024-06,0,0,0,0,0
64840597,photopea/Typr.js,JavaScript,2024-07,0,0,0,3,2
64840597,photopea/Typr.js,JavaScript,2024-08,0,0,0,0,0
64840597,photopea/Typr.js,JavaScript,2024-09,0,0,0,0,0
64840597,photopea/Typr.js,JavaScript,2024-10,0,0,0,1,0
64840597,photopea/Typr.js,JavaScript,2024-11,0,0,0,0,0
64840597,photopea/Typr.js,JavaScript,2024-12,0,0,0,2,2
64840597,photopea/Typr.js,JavaScript,2025-01,0,0,0,0,0
64840597,photopea/Typr.js,JavaScript,2025-02,0,0,0,0,0
64840597,photopea/Typr.js,JavaScript,2025-03,0,0,0,0,0
64840597,photopea/Typr.js,JavaScript,2025-04,0,0,0,0,0
64840597,photopea/Typr.js,JavaScript,2025-05,0,0,0,0,0
64840597,photopea/Typr.js,JavaScript,2025-06,0,0,0,0,0
64840597,photopea/Typr.js,JavaScript,2025-07,0,0,0,0,0
64840597,photopea/Typr.js,JavaScript,2025-08,1,0,0,1,0
64840597,photopea/Typr.js,JavaScript,2025-09,0,0,0,0,0
64840597,photopea/Typr.js,JavaScript,2025-10,0,0,0,0,0
64840597,photopea/Typr.js,JavaScript,2025-11,0,0,0,0,0
64840597,photopea/Typr.js,JavaScript,2025-12,0,0,0,0,0
64840597,photopea/Typr.js,JavaScript,2026-01,0,0,0,0,0
64840597,photopea/Typr.js,JavaScript,2026-02,0,0,0,0,0
64840597,photopea/Typr.js,JavaScript,2026-03,0,0,0,0,0
64840597,photopea/Typr.js,JavaScript,2026-04,0,0,0,0,0
64840597,photopea/Typr.js,JavaScript,2026-05,0,0,0,0,0
64840597,photopea/Typr.js,JavaScript,2026-06,0,0,0,0,0
64840597,photopea/Typr.js,JavaScript,2026-07,0,0,0,0,0
64840597,photopea/Typr.js,JavaScript,2026-08,0,0,0,0,0
69343400,alidili/SesameCreditScore,Java,2016-09,0,0,0,0,0
69343400,alidili/SesameCreditScore,Java,2016-10,0,0,0,0,0
69343400,alidili/SesameCreditScore,Java,2016-11,0,0,0,0,0
69343400,alidili/SesameCreditScore,Java,2016-12,0,0,0,0,0
69343400,alidili/SesameCreditScore,Java,2017-01,0,0,0,0,0
69343400,alidili/SesameCreditScore,Java,2017-02,0,0,0,0,0
69343400,alidili/SesameCreditScore,Java,2017-03,0,0,0,0,0
69343400,alidili/SesameCreditScore,Java,2017-04,0,0,0,0,0
69343400,alidili/SesameCreditScore,Java,2017-05,0,0,0,1,0
69343400,alidili/SesameCreditScore,Java,2017-06,0,0,0,0,1
69343400,alidili/SesameCreditScore,Java,2017-07,0,0,0,0,0
69343400,alidili/SesameCreditScore,Java,2017-08,0,0,0,0,0
69343400,alidili/SesameCreditScore,Java,2017-09,0,0,0,0,0
69343400,alidili/SesameCreditScore,Java,2017-10,0,0,0,0,0
69343400,alidili/SesameCreditScore,Java,2017-11,0,0,0,0,0
69343400,alidili/SesameCreditScore,Java,2017-12,0,0,0,0,0
69343400,alidili/SesameCreditScore,Java,2018-01,0,0,0,0,0
69343400,alidili/SesameCreditScore,Java,2018-02,0,0,0,0,0
69343400,alidili/SesameCreditScore,Java,2018-03,0,0,0,0,0
69343400,alidili/SesameCreditScore,Java,2018-04,0,0,0,0,0
69343400,alidili/SesameCreditScore,Java,2018-05,0,0,0,0,0
69343400,alidili/SesameCreditScore,Java,2018-06,0,0,0,0,0
69343400,alidili/SesameCreditScore,Java,2018-07,0,0,0,0,0
69343400,alidili/SesameCreditScore,Java,2018-08,0,0,0,0,0
69343400,alidili/SesameCreditScore,Java,2018-09,0,0,0,0,0
69343400,alidili/SesameCreditScore,Java,2018-10,0,0,0,0,0
69343400,alidili/SesameCreditScore,Java,2018-11,0,0,0,0,0
69343400,alidili/SesameCreditScore,Java,2018-12,0,0,0,0,0
69343400,alidili/SesameCreditScore,Java,2019-01,0,0,0,0,0
69343400,alidili/SesameCreditScore,Java,2019-02,0,0,0,0,0
69343400,alidili/SesameCreditScore,Java,2019-03,0,0,0,0,0
69343400,alidili/SesameCreditScore,Java,2019-04,0,0,0,0,0
69343400,alidili/SesameCreditScore,Java,2019-05,0,0,0,0,0
69343400,alidili/SesameCreditScore,Java,2019-06,0,0,0,0,0
69343400,alidili/SesameCreditScore,Java,2019-07,0,0,0,0,0
69343400,alidili/SesameCreditScore,Java,2019-08,0,0,0,0,0
69343400,alidili/SesameCreditScore,Java,2019-09,0,0,0,0,0
69343400,alidili/SesameCreditScore,Java,2019-10,0,0,0,0,0
69343400,alidili/SesameCreditScore,Java,2019-11,0,0,0,0,0
69343400,alidili/SesameCreditScore,Java,2019-12,0,0,0,0,0
69343400,alidili/SesameCreditScore,Java,2020-01,0,0,0,0,0
69343400,alidili/SesameCreditScore,Java,2020-02,0,0,0,0,0
69343400,alidili/SesameCreditScore,Java,2020-03,0,0,0,0,0
69343400,alidili/SesameCreditScore,Java,2020-04,0,0,0,0,0
69343400,alidili/SesameCreditScore,Java,2020-05,0,0,0,0,0
69343400,alidili/SesameCreditScore,Java,2020-06,0,0,0,0,0
69343400,alidili/SesameCreditScore,Java,2020-07,0,0,0,0,0
69343400,alidili/SesameCreditScore,Java,2020-08,0,0,0,0,0
69343400,alidili/SesameCreditScore,Java,2020-09,0,0,0,0,0
69343400,alidili/SesameCreditScore,Java,2020-10,0,0,0,0,0
69343400,alidili/SesameCreditScore,Java,2020-11,0,0,0,0,0
69343400,alidili/SesameCreditScore,Java,2020-12,0,0,0,0,0
69343400,alidili/SesameCreditScore,Java,2021-01,0,0,0,0,0
69343400,alidili/SesameCreditScore,Java,2021-02,0,0,0,0,0
69343400,alidili/SesameCreditScore,Java,2021-03,0,0,0,0,0
69343400,alidili/SesameCreditScore,Java,2021-04,0,0,0,0,0
69343400,alidili/SesameCreditScore,Java,2021-05,0,0,0,0,0
69343400,alidili/SesameCreditScore,Java,2021-06,0,0,0,0,0
69343400,alidili/SesameCreditScore,Java,2021-07,0,0,0,0,0
69343400,alidili/SesameCreditScore,Java,2021-08,0,0,0,0,0
69343400,alidili/SesameCreditScore,Java,2021-09,0,0,0,0,0
69343400,alidili/SesameCreditScore,Java,2021-10,0,0,0,0,0
69343400,alidili/SesameCreditScore,Java,2021-11,0,0,0,0,0
69343400,alidili/SesameCreditScore,Java,2021-12,0,0,0,0,0
69343400,alidili/SesameCreditScore,Java,2022-01,0,0,0,0,0
69343400,alidili/SesameCreditScore,Java,2022-02,0,0,0,0,0
69343400,alidili/SesameCreditScore,Java,2022-03,0,0,0,0,0
69343400,alidili/SesameCreditScore,Java,2022-04,0,0,0,0,0
69343400,alidili/SesameCreditScore,Java,2022-05,0,0,0,0,0
69343400,alidili/SesameCreditScore,Java,2022-06,0,0,0,0,0
69343400,alidili/SesameCreditScore,Java,2022-07,0,0,0,0,0
69343400,alidili/SesameCreditScore,Java,2022-08,0,0,0,0,0
69343400,alidili/SesameCreditScore,Java,2022-09,0,0,0,0,0
69343400,alidili/SesameCreditScore,Java,2022-10,0,0,0,0,0
69343400,alidili/SesameCreditScore,Java,2022-11,0,0,0,0,0
69343400,alidili/SesameCreditScore,Java,2022-12,0,0,0,0,0
69343400,alidili/SesameCreditScore,Java,2023-01,0,0,0,0,0
69343400,alidili/SesameCreditScore,Java,2023-02,0,0,0,0,0
69343400,alidili/SesameCreditScore,Java,2023-03,0,0,0,0,0
69343400,alidili/SesameCreditScore,Java,2023-04,0,0,0,0,0
69343400,alidili/SesameCreditScore,Java,2023-05,0,0,0,0,0
69343400,alidili/SesameCreditScore,Java,2023-06,0,0,0,0,0
69343400,alidili/SesameCreditScore,Java,2023-07,0,0,0,0,0
69343400,alidili/SesameCreditScore,Java,2023-08,0,0,0,0,0
69343400,alidili/SesameCreditScore,Java,2023-09,0,0,0,0,0
69343400,alidili/SesameCreditScore,Java,2023-10,0,0,0,0,0
69343400,alidili/SesameCreditScore,Java,2023-11,0,0,0,0,0
69343400,alidili/SesameCreditScore,Java,2023-12,0,0,0,0,0
69343400,alidili/SesameCreditScore,Java,2024-01,0,0,0,0,0
69343400,alidili/SesameCreditScore,Java,2024-02,0,0,0,0,0
69343400,alidili/SesameCreditScore,Java,2024-03,0,0,0,0,0
69343400,alidili/SesameCreditScore,Java,2024-04,0,0,0,0,0
69343400,alidili/SesameCreditScore,Java,2024-05,0,0,0,0,0
69343400,alidili/SesameCreditScore,Java,2024-06,0,0,0,0,0
69343400,alidili/SesameCreditScore,Java,2024-07,0,0,0,0,0
69343400,alidili/SesameCreditScore,Java,2024-08,0,0,0,0,0
69343400,alidili/SesameCreditScore,Java,2024-09,0,0,0,0,0
69343400,alidili/SesameCreditScore,Java,2024-10,0,0,0,0,0
69343400,alidili/SesameCreditScore,Java,2024-11,0,0,0,0,0
69343400,alidili/SesameCreditScore,Java,2024-12,0,0,0,0,0
69343400,alidili/SesameCreditScore,Java,2025-01,0,0,0,0,0
69343400,alidili/SesameCreditScore,Java,2025-02,0,0,0,0,0
69343400,alidili/SesameCreditScore,Java,2025-03,0,0,0,0,0
69343400,alidili/SesameCreditScore,Java,2025-04,0,0,0,0,0
69343400,alidili/SesameCreditScore,Java,2025-05,0,0,0,0,0
69343400,alidili/SesameCreditScore,Java,2025-06,0,0,0,0,0
69343400,alidili/SesameCreditScore,Java,2025-07,0,0,0,0,0
69343400,alidili/SesameCreditScore,Java,2025-08,0,0,0,0,0
69343400,alidili/SesameCreditScore,Java,2025-09,0,0,0,0,0
69343400,alidili/SesameCreditScore,Java,2025-10,0,0,0,0,0
69343400,alidili/SesameCreditScore,Java,2025-11,0,0,0,0,0
69343400,alidili/SesameCreditScore,Java,2025-12,0,0,0,0,0
69343400,alidili/SesameCreditScore,Java,2026-01,0,0,0,0,0
69343400,alidili/SesameCreditScore,Java,2026-02,0,0,0,0,0
69343400,alidili/SesameCreditScore,Java,2026-03,0,0,0,0,0
69343400,alidili/SesameCreditScore,Java,2026-04,0,0,0,0,0
69343400,alidili/SesameCreditScore,Java,2026-05,0,0,0,0,0
69343400,alidili/SesameCreditScore,Java,2026-06,0,0,0,0,0
69343400,alidili/SesameCreditScore,Java,2026-07,0,0,0,0,0
69343400,alidili/SesameCreditScore,Java,2026-08,0,0,0,0,0
133442384,denoland/deno,Rust,2018-05,15,12,10,34,24
133442384,denoland/deno,Rust,2018-06,134,133,52,106,92
133442384,denoland/deno,Rust,2018-07,83,79,63,43,26
133442384,denoland/deno,Rust,2018-08,129,126,95,87,65
133442384,denoland/deno,Rust,2018-09,159,162,120,60,49
133442384,denoland/deno,Rust,2018-10,192,186,136,75,47
133442384,denoland/deno,Rust,2018-11,84,84,66,37,23
133442384,denoland/deno,Rust,2018-12,125,116,90,56,26
133442384,denoland/deno,Rust,2019-01,139,147,107,57,34
133442384,denoland/deno,Rust,2019-02,140,134,109,82,91
133442384,denoland/deno,Rust,2019-03,119,118,97,48,27
133442384,denoland/deno,Rust,2019-04,145,139,111,79,72
133442384,denoland/deno,Rust,2019-05,99,109,80,78,74
133442384,denoland/deno,Rust,2019-06,109,98,88,58,57
133442384,denoland/deno,Rust,2019-07,57,76,50,45,32
133442384,denoland/deno,Rust,2019-08,88,81,72,49,42
133442384,denoland/deno,Rust,2019-09,128,122,96,65,59
133442384,denoland/deno,Rust,2019-10,127,139,98,83,49
133442384,denoland/deno,Rust,2019-11,106,100,85,70,48
133442384,denoland/deno,Rust,2019-12,76,74,60,68,66
133442384,denoland/deno,Rust,2020-01,165,162,136,108,86
133442384,denoland/deno,Rust,2020-02,198,198,151,145,118
133442384,denoland/deno,Rust,2020-03,224,226,180,127,97
133442384,denoland/deno,Rust,2020-04,314,288,243,150,117
133442384,denoland/deno,Rust,2020-05,436,401,299,538,362
133442384,denoland/deno,Rust,2020-06,292,307,250,275,241
133442384,denoland/deno,Rust,2020-07,188,191,154,149,141
133442384,denoland/deno,Rust,2020-08,196,211,161,163,192
133442384,denoland/deno,Rust,2020-09,286,274,230,178,173
133442384,denoland/deno,Rust,2020-10,257,253,198,179,155
133442384,denoland/deno,Rust,2020-11,195,217,178,143,188
133442384,denoland/deno,Rust,2020-12,207,178,149,149,123
133442384,denoland/deno,Rust,2021-01,210,211,178,161,282
133442384,denoland/deno,Rust,2021-02,139,159,116,111,113
133442384,denoland/deno,Rust,2021-03,150,135,106,139,111
133442384,denoland/deno,Rust,2021-04,274,272,221,195,161
133442384,denoland/deno,Rust,2021-05,193,201,166,139,109
133442384,denoland/deno,Rust,2021-06,184,193,169,175,158
133442384,denoland/deno,Rust,2021-07,190,201,175,143,135
133442384,denoland/deno,Rust,2021-08,187,173,152,116,105
133442384,denoland/deno,Rust,2021-09,194,180,157,131,94
133442384,denoland/deno,Rust,2021-10,167,171,153,141,105
133442384,denoland/deno,Rust,2021-11,141,148,120,151,127
133442384,denoland/deno,Rust,2021-12,145,152,120,129,137
133442384,denoland/deno,Rust,2022-01,139,147,130,133,125
133442384,denoland/deno,Rust,2022-02,107,99,85,122,72
133442384,denoland/deno,Rust,2022-03,203,185,162,143,102
133442384,denoland/deno,Rust,2022-04,141,134,113,130,80
133442384,denoland/deno,Rust,2022-05,161,146,118,145,101
133442384,denoland/deno,Rust,2022-06,136,151,119,104,110
133442384,denoland/deno,Rust,2022-07,169,173,139,138,133
133442384,denoland/deno,Rust,2022-08,152,137,126,160,87
133442384,denoland/deno,Rust,2022-09,190,201,161,177,171
133442384,denoland/deno,Rust,2022-10,231,229,195,134,99
133442384,denoland/deno,Rust,2022-11,172,170,145,187,135
133442384,denoland/deno,Rust,2022-12,156,150,134,164,129
133442384,denoland/deno,Rust,2023-01,189,191,169,169,173
133442384,denoland/deno,Rust,2023-02,186,178,158,164,88
133442384,denoland/deno,Rust,2023-03,322,318,290,191,113
133442384,denoland/deno,Rust,2023-04,228,232,204,148,153
133442384,denoland/deno,Rust,2023-05,220,212,195,163,128
133442384,denoland/deno,Rust,2023-06,202,185,166,129,83
133442384,denoland/deno,Rust,2023-07,141,150,139,174,104
133442384,denoland/deno,Rust,2023-08,174,175,156,157,125
133442384,denoland/deno,Rust,2023-09,186,188,165,192,133
133442384,denoland/deno,Rust,2023-10,129,121,111,150,118
133442384,denoland/deno,Rust,2023-11,209,212,198,156,106
133442384,denoland/deno,Rust,2023-12,175,169,154,158,81
133442384,denoland/deno,Rust,2024-01,265,249,230,181,106
133442384,denoland/deno,Rust,2024-02,229,216,196,187,93
133442384,denoland/deno,Rust,2024-03,249,245,215,256,180
133442384,denoland/deno,Rust,2024-04,239,233,213,204,142
133442384,denoland/deno,Rust,2024-05,219,228,205,220,155
133442384,denoland/deno,Rust,2024-06,173,180,142,123,243
133442384,denoland/deno,Rust,2024-07,224,221,190,215,187
133442384,denoland/deno,Rust,2024-08,279,278,259,211,222
133442384,denoland/deno,Rust,2024-09,339,342,323,260,394
133442384,denoland/deno,Rust,2024-10,279,292,226,397,267
133442384,denoland/deno,Rust,2024-11,200,212,185,284,192
133442384,denoland/deno,Rust,2024-12,145,129,120,177,162
133442384,denoland/deno,Rust,2025-01,178,173,163,194,176
133442384,denoland/deno,Rust,2025-02,191,183,165,243,276
133442384,denoland/deno,Rust,2025-03,146,150,99,182,135
133442384,denoland/deno,Rust,2025-04,221,254,222,195,175
133442384,denoland/deno,Rust,2025-05,217,250,198,205,133
133442384,denoland/deno,Rust,2025-06,230,231,214,165,98
133442384,denoland/deno,Rust,2025-07,145,136,127,169,106
133442384,denoland/deno,Rust,2025-08,153,139,118,138,102
133442384,denoland/deno,Rust,2025-09,152,149,138,156,110
133442384,denoland/deno,Rust,2025-10,114,120,103,138,89
133442384,denoland/deno,Rust,2025-11,188,144,118,116,88
133442384,denoland/deno,Rust,2025-12,155,159,120,120,86
133442384,denoland/deno,Rust,2026-01,160,154,136,92,82
133442384,denoland/deno,Rust,2026-02,263,240,206,100,118
133442384,denoland/deno,Rust,2026-03,523,491,390,170,499
133442384,denoland/deno,Rust,2026-04,506,426,353,120,183
133442384,denoland/deno,Rust,2026-05,720,662,509,155,343
133442384,denoland/deno,Rust,2026-06,746,785,589,271,1055
133442384,denoland/deno,Rust,2026-07,468,426,311,235,180
133442384,denoland/deno,Rust,2026-08,198,199,152,163,90
137451403,alibaba/nacos,Java,2018-06,0,0,0,0,0
137451403,alibaba/nacos,Java,2018-07,2,1,0,18,8
137451403,alibaba/nacos,Java,2018-08,6,5,3,12,10
137451403,alibaba/nacos,Java,2018-09,14,12,9,47,21
137451403,alibaba/nacos,Java,2018-10,30,30,25,74,55
137451403,alibaba/nacos,Java,2018-11,58,57,49,113,78
137451403,alibaba/nacos,Java,2018-12,66,62,42,104,80
137451403,alibaba/nacos,Java,2019-01,65,69,54,124,107
137451403,alibaba/nacos,Java,2019-02,26,26,23,88,60
137451403,alibaba/nacos,Java,2019-03,33,32,30,97,87
137451403,alibaba/nacos,Java,2019-04,58,52,34,124,116
137451403,alibaba/nacos,Java,2019-05,41,36,22,108,86
137451403,alibaba/nacos,Java,2019-06,36,45,40,102,116
137451403,alibaba/nacos,Java,2019-07,52,42,33,125,122
137451403,alibaba/nacos,Java,2019-08,24,16,11,136,61
137451403,alibaba/nacos,Java,2019-09,20,24,17,87,97
137451403,alibaba/nacos,Java,2019-10,19,20,11,81,48
137451403,alibaba/nacos,Java,2019-11,23,26,20,105,112
137451403,alibaba/nacos,Java,2019-12,23,21,11,91,78
137451403,alibaba/nacos,Java,2020-01,23,21,17,59,55
137451403,alibaba/nacos,Java,2020-02,15,14,10,52,27
137451403,alibaba/nacos,Java,2020-03,27,26,21,130,75
137451403,alibaba/nacos,Java,2020-04,21,9,6,135,54
137451403,alibaba/nacos,Java,2020-05,57,58,32,142,140
137451403,alibaba/nacos,Java,2020-06,85,114,74,194,313
137451403,alibaba/nacos,Java,2020-07,97,97,85,181,162
137451403,alibaba/nacos,Java,2020-08,75,71,48,154,175
137451403,alibaba/nacos,Java,2020-09,74,70,50,143,155
137451403,alibaba/nacos,Java,2020-10,47,48,31,118,157
137451403,alibaba/nacos,Java,2020-11,104,107,81,159,195
137451403,alibaba/nacos,Java,2020-12,85,86,71,157,157
137451403,alibaba/nacos,Java,2021-01,75,71,61,156,150
137451403,alibaba/nacos,Java,2021-02,39,38,31,91,76
137451403,alibaba/nacos,Java,2021-03,110,113,81,172,195
137451403,alibaba/nacos,Java,2021-04,91,96,74,206,205
137451403,alibaba/nacos,Java,2021-05,125,121,104,197,179
137451403,alibaba/nacos,Java,2021-06,127,130,91,181,194
137451403,alibaba/nacos,Java,2021-07,95,92,76,194,196
137451403,alibaba/nacos,Java,2021-08,90,92,53,171,167
137451403,alibaba/nacos,Java,2021-09,77,76,41,132,79
137451403,alibaba/nacos,Java,2021-10,26,24,15,99,32
137451403,alibaba/nacos,Java,2021-11,59,51,42,109,42
137451403,alibaba/nacos,Java,2021-12,77,49,27,134,41
137451403,alibaba/nacos,Java,2022-01,58,53,35,130,65
137451403,alibaba/nacos,Java,2022-02,64,61,35,73,44
137451403,alibaba/nacos,Java,2022-03,68,81,52,128,113
137451403,alibaba/nacos,Java,2022-04,87,83,59,140,234
137451403,alibaba/nacos,Java,2022-05,69,85,49,130,124
137451403,alibaba/nacos,Java,2022-06,65,72,50,111,118
137451403,alibaba/nacos,Java,2022-07,40,44,35,133,117
137451403,alibaba/nacos,Java,2022-08,83,77,42,135,281
137451403,alibaba/nacos,Java,2022-09,65,73,53,122,251
137451403,alibaba/nacos,Java,2022-10,77,77,50,109,174
137451403,alibaba/nacos,Java,2022-11,85,85,66,126,161
137451403,alibaba/nacos,Java,2022-12,37,32,22,87,71
137451403,alibaba/nacos,Java,2023-01,32,40,22,69,78
137451403,alibaba/nacos,Java,2023-02,43,41,32,97,88
137451403,alibaba/nacos,Java,2023-03,60,63,46,164,149
137451403,alibaba/nacos,Java,2023-04,44,37,26,132,136
137451403,alibaba/nacos,Java,2023-05,36,44,29,125,115
137451403,alibaba/nacos,Java,2023-06,32,32,18,96,114
137451403,alibaba/nacos,Java,2023-07,56,56,37,115,94
137451403,alibaba/nacos,Java,2023-08,63,54,34,117,114
137451403,alibaba/nacos,Java,2023-09,44,43,35,97,99
137451403,alibaba/nacos,Java,2023-10,35,38,24,64,69
137451403,alibaba/nacos,Java,2023-11,47,48,32,99,100
137451403,alibaba/nacos,Java,2023-12,31,36,30,88,82
137451403,alibaba/nacos,Java,2024-01,41,42,29,104,102
137451403,alibaba/nacos,Java,2024-02,25,27,19,39,50
137451403,alibaba/nacos,Java,2024-03,39,34,24,76,65
137451403,alibaba/nacos,Java,2024-04,47,46,27,104,122
137451403,alibaba/nacos,Java,2024-05,34,37,30,79,85
137451403,alibaba/nacos,Java,2024-06,38,34,25,97,80
137451403,alibaba/nacos,Java,2024-07,55,53,39,91,100
137451403,alibaba/nacos,Java,2024-08,39,33,19,85,70
137451403,alibaba/nacos,Java,2024-09,48,44,27,85,91
137451403,alibaba/nacos,Java,2024-10,41,49,30,58,53
137451403,alibaba/nacos,Java,2024-11,35,32,25,65,64
137451403,alibaba/nacos,Java,2024-12,36,40,29,60,60
137451403,alibaba/nacos,Java,2025-01,38,43,35,33,42
137451403,alibaba/nacos,Java,2025-02,26,27,24,40,35
137451403,alibaba/nacos,Java,2025-03,39,43,41,32,39
137451403,alibaba/nacos,Java,2025-04,57,54,44,69,55
137451403,alibaba/nacos,Java,2025-05,49,46,40,63,51
137451403,alibaba/nacos,Java,2025-06,32,27,23,88,70
137451403,alibaba/nacos,Java,2025-07,39,42,37,51,66
137451403,alibaba/nacos,Java,2025-08,45,40,28,52,49
137451403,alibaba/nacos,Java,2025-09,50,54,46,64,74
137451403,alibaba/nacos,Java,2025-10,9,8,6,30,13
137451403,alibaba/nacos,Java,2025-11,23,26,20,48,55
137451403,alibaba/nacos,Java,2025-12,32,26,19,64,69
137451403,alibaba/nacos,Java,2026-01,31,27,22,49,84
137451403,alibaba/nacos,Java,2026-02,32,45,22,39,47
137451403,alibaba/nacos,Java,2026-03,198,188,160,74,68
137451403,alibaba/nacos,Java,2026-04,118,119,84,65,51
137451403,alibaba/nacos,Java,2026-05,156,168,131,69,80
137451403,alibaba/nacos,Java,2026-06,97,96,80,43,51
137451403,alibaba/nacos,Java,2026-07,117,98,84,50,82
137451403,alibaba/nacos,Java,2026-08,99,115,86,38,53
178597005,FyroxEngine/Fyrox,Rust,2019-03,0,0,0,0,0
178597005,FyroxEngine/Fyrox,Rust,2019-04,0,0,0,0,0
178597005,FyroxEngine/Fyrox,Rust,2019-05,0,0,0,0,0
178597005,FyroxEngine/Fyrox,Rust,2019-06,0,0,0,0,0
178597005,FyroxEngine/Fyrox,Rust,2019-07,0,0,0,0,0
178597005,FyroxEngine/Fyrox,Rust,2019-08,0,0,0,0,0
178597005,FyroxEngine/Fyrox,Rust,2019-09,0,0,0,0,0
178597005,FyroxEngine/Fyrox,Rust,2019-10,0,0,0,0,0
178597005,FyroxEngine/Fyrox,Rust,2019-11,0,0,0,0,0
178597005,FyroxEngine/Fyrox,Rust,2019-12,0,0,0,0,0
178597005,FyroxEngine/Fyrox,Rust,2020-01,0,0,0,1,0
178597005,FyroxEngine/Fyrox,Rust,2020-02,0,0,0,0,0
178597005,FyroxEngine/Fyrox,Rust,2020-03,0,0,0,14,6
178597005,FyroxEngine/Fyrox,Rust,2020-04,1,0,0,7,2
178597005,FyroxEngine/Fyrox,Rust,2020-05,0,0,0,1,0
178597005,FyroxEngine/Fyrox,Rust,2020-06,0,0,0,1,0
178597005,FyroxEngine/Fyrox,Rust,2020-07,0,1,0,1,3
178597005,FyroxEngine/Fyrox,Rust,2020-08,0,0,0,0,0
178597005,FyroxEngine/Fyrox,Rust,2020-09,6,5,5,2,0
178597005,FyroxEngine/Fyrox,Rust,2020-10,3,2,2,10,12
178597005,FyroxEngine/Fyrox,Rust,2020-11,7,8,7,10,9
178597005,FyroxEngine/Fyrox,Rust,2020-12,2,1,1,2,3
178597005,FyroxEngine/Fyrox,Rust,2021-01,0,1,1,1,1
178597005,FyroxEngine/Fyrox,Rust,2021-02,1,1,1,2,0
178597005,FyroxEngine/Fyrox,Rust,2021-03,6,6,6,14,7
178597005,FyroxEngine/Fyrox,Rust,2021-04,2,1,1,3,2
178597005,FyroxEngine/Fyrox,Rust,2021-05,6,7,6,14,5
178597005,FyroxEngine/Fyrox,Rust,2021-06,2,2,2,14,13
178597005,FyroxEngine/Fyrox,Rust,2021-07,3,3,3,7,9
178597005,FyroxEngine/Fyrox,Rust,2021-08,6,5,5,20,10
178597005,FyroxEngine/Fyrox,Rust,2021-09,12,12,11,7,8
178597005,FyroxEngine/Fyrox,Rust,2021-10,11,11,11,16,16
178597005,FyroxEngine/Fyrox,Rust,2021-11,14,14,14,17,8
178597005,FyroxEngine/Fyrox,Rust,2021-12,11,10,9,6,3
178597005,FyroxEngine/Fyrox,Rust,2022-01,8,8,7,10,11
178597005,FyroxEngine/Fyrox,Rust,2022-02,6,5,5,9,7
178597005,FyroxEngine/Fyrox,Rust,2022-03,2,4,3,3,3
178597005,FyroxEngine/Fyrox,Rust,2022-04,3,2,2,4,2
178597005,FyroxEngine/Fyrox,Rust,2022-05,1,2,2,4,2
178597005,FyroxEngine/Fyrox,Rust,2022-06,1,1,0,5,0
178597005,FyroxEngine/Fyrox,Rust,2022-07,5,4,4,6,4
178597005,FyroxEngine/Fyrox,Rust,2022-08,2,4,4,8,18
178597005,FyroxEngine/Fyrox,Rust,2022-09,3,3,3,12,3
178597005,FyroxEngine/Fyrox,Rust,2022-10,3,3,3,11,5
178597005,FyroxEngine/Fyrox,Rust,2022-11,5,5,5,10,7
178597005,FyroxEngine/Fyrox,Rust,2022-12,6,6,6,2,1
178597005,FyroxEngine/Fyrox,Rust,2023-01,2,2,2,3,10
178597005,FyroxEngine/Fyrox,Rust,2023-02,3,4,3,6,5
178597005,FyroxEngine/Fyrox,Rust,2023-03,4,4,4,9,12
178597005,FyroxEngine/Fyrox,Rust,2023-04,5,5,5,1,4
178597005,FyroxEngine/Fyrox,Rust,2023-05,1,1,1,7,4
178597005,FyroxEngine/Fyrox,Rust,2023-06,4,4,3,6,3
178597005,FyroxEngine/Fyrox,Rust,2023-07,2,2,2,3,6
178597005,FyroxEngine/Fyrox,Rust,2023-08,32,32,31,10,11
178597005,FyroxEngine/Fyrox,Rust,2023-09,16,15,15,7,6
178597005,FyroxEngine/Fyrox,Rust,2023-10,9,6,4,6,10
178597005,FyroxEngine/Fyrox,Rust,2023-11,11,14,11,4,5
178597005,FyroxEngine/Fyrox,Rust,2023-12,3,4,3,4,3
178597005,FyroxEngine/Fyrox,Rust,2024-01,3,3,3,11,7
178597005,FyroxEngine/Fyrox,Rust,2024-02,13,13,12,2,5
178597005,FyroxEngine/Fyrox,Rust,2024-03,2,2,2,4,7
178597005,FyroxEngine/Fyrox,Rust,2024-04,16,16,15,2,8
178597005,FyroxEngine/Fyrox,Rust,2024-05,6,6,5,1,1
178597005,FyroxEngine/Fyrox,Rust,2024-06,5,3,3,7,9
178597005,FyroxEngine/Fyrox,Rust,2024-07,5,6,5,3,3
178597005,FyroxEngine/Fyrox,Rust,2024-08,6,7,5,0,4
178597005,FyroxEngine/Fyrox,Rust,2024-09,0,0,0,1,1
178597005,FyroxEngine/Fyrox,Rust,2024-10,12,11,10,3,3
178597005,FyroxEngine/Fyrox,Rust,2024-11,4,4,3,3,2
178597005,FyroxEngine/Fyrox,Rust,2024-12,2,1,1,7,2
178597005,FyroxEngine/Fyrox,Rust,2025-01,3,4,4,1,1
178597005,FyroxEngine/Fyrox,Rust,2025-02,8,7,7,8,5
178597005,FyroxEngine/Fyrox,Rust,2025-03,19,19,17,3,4
178597005,FyroxEngine/Fyrox,Rust,2025-04,31,29,25,8,7
178597005,FyroxEngine/Fyrox,Rust,2025-05,8,11,8,1,12
178597005,FyroxEngine/Fyrox,Rust,2025-06,7,8,8,1,3
178597005,FyroxEngine/Fyrox,Rust,2025-07,2,2,2,8,4
178597005,FyroxEngine/Fyrox,Rust,2025-08,2,2,2,0,1
178597005,FyroxEngine/Fyrox,Rust,2025-09,10,9,7,7,5
178597005,FyroxEngine/Fyrox,Rust,2025-10,15,15,13,4,3
178597005,FyroxEngine/Fyrox,Rust,2025-11,4,5,5,4,5
178597005,FyroxEngine/Fyrox,Rust,2025-12,3,2,2,1,0
178597005,FyroxEngine/Fyrox,Rust,2026-01,2,2,2,3,2
178597005,FyroxEngine/Fyrox,Rust,2026-02,2,2,2,14,8
178597005,FyroxEngine/Fyrox,Rust,2026-03,0,0,0,2,2
178597005,FyroxEngine/Fyrox,Rust,2026-04,4,3,3,4,2
178597005,FyroxEngine/Fyrox,Rust,2026-05,4,2,2,1,2
178597005,FyroxEngine/Fyrox,Rust,2026-06,1,2,1,0,0
178597005,FyroxEngine/Fyrox,Rust,2026-07,4,5,1,1,0
178597005,FyroxEngine/Fyrox,Rust,2026-08,0,1,1,1,1
178597005,FyroxEngine/Fyrox,Rust,2026-09,0,0,0,0,1
231283452,excalidraw/excalidraw,TypeScript,2020-01,369,364,327,272,202
231283452,excalidraw/excalidraw,TypeScript,2020-02,128,122,117,92,73
231283452,excalidraw/excalidraw,TypeScript,2020-03,176,176,153,110,90
231283452,excalidraw/excalidraw,TypeScript,2020-04,223,221,201,147,106
231283452,excalidraw/excalidraw,TypeScript,2020-05,87,84,76,82,51
231283452,excalidraw/excalidraw,TypeScript,2020-06,98,80,66,62,50
231283452,excalidraw/excalidraw,TypeScript,2020-07,86,93,83,58,35
231283452,excalidraw/excalidraw,TypeScript,2020-08,86,89,74,48,68
231283452,excalidraw/excalidraw,TypeScript,2020-09,37,41,37,30,21
231283452,excalidraw/excalidraw,TypeScript,2020-10,91,91,77,38,27
231283452,excalidraw/excalidraw,TypeScript,2020-11,79,74,61,33,44
231283452,excalidraw/excalidraw,TypeScript,2020-12,183,179,131,64,85
231283452,excalidraw/excalidraw,TypeScript,2021-01,119,112,99,69,40
231283452,excalidraw/excalidraw,TypeScript,2021-02,179,178,160,73,45
231283452,excalidraw/excalidraw,TypeScript,2021-03,140,140,127,82,51
231283452,excalidraw/excalidraw,TypeScript,2021-04,97,90,85,46,26
231283452,excalidraw/excalidraw,TypeScript,2021-05,113,96,75,53,26
231283452,excalidraw/excalidraw,TypeScript,2021-06,50,62,37,32,23
231283452,excalidraw/excalidraw,TypeScript,2021-07,56,43,24,32,20
231283452,excalidraw/excalidraw,TypeScript,2021-08,39,34,21,22,9
231283452,excalidraw/excalidraw,TypeScript,2021-09,30,24,5,25,9
231283452,excalidraw/excalidraw,TypeScript,2021-10,87,83,62,47,22
231283452,excalidraw/excalidraw,TypeScript,2021-11,122,122,100,56,28
231283452,excalidraw/excalidraw,TypeScript,2021-12,107,101,74,60,33
231283452,excalidraw/excalidraw,TypeScript,2022-01,107,78,48,45,26
231283452,excalidraw/excalidraw,TypeScript,2022-02,110,107,67,52,32
231283452,excalidraw/excalidraw,TypeScript,2022-03,81,79,45,53,33
231283452,excalidraw/excalidraw,TypeScript,2022-04,75,78,50,36,29
231283452,excalidraw/excalidraw,TypeScript,2022-05,86,81,47,53,27
231283452,excalidraw/excalidraw,TypeScript,2022-06,64,47,19,41,13
231283452,excalidraw/excalidraw,TypeScript,2022-07,79,125,84,52,23
231283452,excalidraw/excalidraw,TypeScript,2022-08,63,54,50,70,30
231283452,excalidraw/excalidraw,TypeScript,2022-09,33,24,21,40,12
231283452,excalidraw/excalidraw,TypeScript,2022-10,28,25,17,49,11
231283452,excalidraw/excalidraw,TypeScript,2022-11,50,56,39,69,43
231283452,excalidraw/excalidraw,TypeScript,2022-12,52,41,32,55,24
231283452,excalidraw/excalidraw,TypeScript,2023-01,54,48,40,64,29
231283452,excalidraw/excalidraw,TypeScript,2023-02,53,39,35,61,29
231283452,excalidraw/excalidraw,TypeScript,2023-03,44,38,32,57,24
231283452,excalidraw/excalidraw,TypeScript,2023-04,65,56,50,57,44
231283452,excalidraw/excalidraw,TypeScript,2023-05,50,38,30,43,26
231283452,excalidraw/excalidraw,TypeScript,2023-06,45,38,29,42,24
231283452,excalidraw/excalidraw,TypeScript,2023-07,52,38,31,49,18
231283452,excalidraw/excalidraw,TypeScript,2023-08,46,35,23,60,19
231283452,excalidraw/excalidraw,TypeScript,2023-09,44,36,27,61,18
231283452,excalidraw/excalidraw,TypeScript,2023-10,82,63,47,60,24
231283452,excalidraw/excalidraw,TypeScript,2023-11,67,58,47,71,37
231283452,excalidraw/excalidraw,TypeScript,2023-12,67,35,26,59,11
231283452,excalidraw/excalidraw,TypeScript,2024-01,63,51,40,68,8
231283452,excalidraw/excalidraw,TypeScript,2024-02,38,37,25,58,13
231283452,excalidraw/excalidraw,TypeScript,2024-03,23,20,15,64,11
231283452,excalidraw/excalidraw,TypeScript,2024-04,43,36,28,82,47
231283452,excalidraw/excalidraw,TypeScript,2024-05,47,35,32,68,54
231283452,excalidraw/excalidraw,TypeScript,2024-06,28,12,9,65,24
231283452,excalidraw/excalidraw,TypeScript,2024-07,39,30,23,59,21
231283452,excalidraw/excalidraw,TypeScript,2024-08,65,56,46,75,26
231283452,excalidraw/excalidraw,TypeScript,2024-09,47,41,32,65,14
231283452,excalidraw/excalidraw,TypeScript,2024-10,61,44,17,97,79
231283452,excalidraw/excalidraw,TypeScript,2024-11,38,30,22,68,19
231283452,excalidraw/excalidraw,TypeScript,2024-12,32,25,11,49,26
231283452,excalidraw/excalidraw,TypeScript,2025-01,49,43,36,58,39
231283452,excalidraw/excalidraw,TypeScript,2025-02,38,29,18,73,52
231283452,excalidraw/excalidraw,TypeScript,2025-03,42,37,28,65,41
231283452,excalidraw/excalidraw,TypeScript,2025-04,58,29,23,74,55
231283452,excalidraw/excalidraw,TypeScript,2025-05,66,52,38,66,41
231283452,excalidraw/excalidraw,TypeScript,2025-06,48,40,23,53,14
231283452,excalidraw/excalidraw,TypeScript,2025-07,38,22,14,59,19
231283452,excalidraw/excalidraw,TypeScript,2025-08,51,29,16,58,14
231283452,excalidraw/excalidraw,TypeScript,2025-09,38,30,23,64,20
231283452,excalidraw/excalidraw,TypeScript,2025-10,128,40,12,89,37
231283452,excalidraw/excalidraw,TypeScript,2025-11,86,43,18,56,20
231283452,excalidraw/excalidraw,TypeScript,2025-12,87,37,15,68,17
231283452,excalidraw/excalidraw,TypeScript,2026-01,81,57,38,54,19
231283452,excalidraw/excalidraw,TypeScript,2026-02,87,49,24,44,18
231283452,excalidraw/excalidraw,TypeScript,2026-03,146,75,27,62,44
231283452,excalidraw/excalidraw,TypeScript,2026-04,109,35,7,51,10
231283452,excalidraw/excalidraw,TypeScript,2026-05,108,55,15,46,10
231283452,excalidraw/excalidraw,TypeScript,2026-06,117,63,19,40,21
231283452,excalidraw/excalidraw,TypeScript,2026-07,137,89,38,56,19
231283452,excalidraw/excalidraw,TypeScript,2026-08,161,46,23,47,9
240673792,lyhue1991/eat_tensorflow2_in_30_days,Python,2020-02,0,0,0,1,1
240673792,lyhue1991/eat_tensorflow2_in_30_days,Python,2020-03,0,0,0,5,2
240673792,lyhue1991/eat_tensorflow2_in_30_days,Python,2020-04,8,8,7,22,17
240673792,lyhue1991/eat_tensorflow2_in_30_days,Python,2020-05,3,2,1,8,8
240673792,lyhue1991/eat_tensorflow2_in_30_days,Python,2020-06,10,10,6,3,2
240673792,lyhue1991/eat_tensorflow2_in_30_days,Python,2020-07,2,0,0,2,1
240673792,lyhue1991/eat_tensorflow2_in_30_days,Python,2020-08,0,0,0,0,2
240673792,lyhue1991/eat_tensorflow2_in_30_days,Python,2020-09,2,2,1,4,1
240673792,lyhue1991/eat_tensorflow2_in_30_days,Python,2020-10,1,3,2,6,6
240673792,lyhue1991/eat_tensorflow2_in_30_days,Python,2020-11,0,0,0,0,1
240673792,lyhue1991/eat_tensorflow2_in_30_days,Python,2020-12,0,0,0,3,1
240673792,lyhue1991/eat_tensorflow2_in_30_days,Python,2021-01,1,0,0,5,1
240673792,lyhue1991/eat_tensorflow2_in_30_days,Python,2021-02,2,2,0,2,0
240673792,lyhue1991/eat_tensorflow2_in_30_days,Python,2021-03,0,0,0,1,0
240673792,lyhue1991/eat_tensorflow2_in_30_days,Python,2021-04,0,0,0,0,0
240673792,lyhue1991/eat_tensorflow2_in_30_days,Python,2021-05,0,0,0,1,0
240673792,lyhue1991/eat_tensorflow2_in_30_days,Python,2021-06,0,0,0,0,0
240673792,lyhue1991/eat_tensorflow2_in_30_days,Python,2021-07,1,0,0,1,0
240673792,lyhue1991/eat_tensorflow2_in_30_days,Python,2021-08,0,0,0,1,0
240673792,lyhue1991/eat_tensorflow2_in_30_days,Python,2021-09,1,1,0,1,0
240673792,lyhue1991/eat_tensorflow2_in_30_days,Python,2021-10,0,0,0,0,0
240673792,lyhue1991/eat_tensorflow2_in_30_days,Python,2021-11,0,1,0,0,0
240673792,lyhue1991/eat_tensorflow2_in_30_days,Python,2021-12,0,0,0,0,0
240673792,lyhue1991/eat_tensorflow2_in_30_days,Python,2022-01,0,0,0,0,0
240673792,lyhue1991/eat_tensorflow2_in_30_days,Python,2022-02,0,0,0,0,0
240673792,lyhue1991/eat_tensorflow2_in_30_days,Python,2022-03,0,0,0,0,0
240673792,lyhue1991/eat_tensorflow2_in_30_days,Python,2022-04,0,0,0,0,0
240673792,lyhue1991/eat_tensorflow2_in_30_days,Python,2022-05,0,0,0,0,0
240673792,lyhue1991/eat_tensorflow2_in_30_days,Python,2022-06,0,0,0,0,0
240673792,lyhue1991/eat_tensorflow2_in_30_days,Python,2022-07,0,0,0,0,0
240673792,lyhue1991/eat_tensorflow2_in_30_days,Python,2022-08,0,0,0,0,0
240673792,lyhue1991/eat_tensorflow2_in_30_days,Python,2022-09,0,0,0,0,0
240673792,lyhue1991/eat_tensorflow2_in_30_days,Python,2022-10,0,0,0,1,0
240673792,lyhue1991/eat_tensorflow2_in_30_days,Python,2022-11,0,0,0,0,0
240673792,lyhue1991/eat_tensorflow2_in_30_days,Python,2022-12,0,0,0,0,0
240673792,lyhue1991/eat_tensorflow2_in_30_days,Python,2023-01,0,0,0,0,0
240673792,lyhue1991/eat_tensorflow2_in_30_days,Python,2023-02,0,0,0,0,0
240673792,lyhue1991/eat_tensorflow2_in_30_days,Python,2023-03,0,0,0,0,0
240673792,lyhue1991/eat_tensorflow2_in_30_days,Python,2023-04,0,0,0,1,0
240673792,lyhue1991/eat_tensorflow2_in_30_days,Python,2023-05,0,0,0,0,0
240673792,lyhue1991/eat_tensorflow2_in_30_days,Python,2023-06,0,0,0,0,0
240673792,lyhue1991/eat_tensorflow2_in_30_days,Python,2023-07,0,0,0,0,0
240673792,lyhue1991/eat_tensorflow2_in_30_days,Python,2023-08,0,0,0,0,0
240673792,lyhue1991/eat_tensorflow2_in_30_days,Python,2023-09,0,0,0,0,0
240673792,lyhue1991/eat_tensorflow2_in_30_days,Python,2023-10,0,0,0,0,0
240673792,lyhue1991/eat_tensorflow2_in_30_days,Python,2023-11,0,0,0,0,0
240673792,lyhue1991/eat_tensorflow2_in_30_days,Python,2023-12,0,0,0,0,0
240673792,lyhue1991/eat_tensorflow2_in_30_days,Python,2024-01,0,0,0,0,0
240673792,lyhue1991/eat_tensorflow2_in_30_days,Python,2024-02,0,0,0,0,0
240673792,lyhue1991/eat_tensorflow2_in_30_days,Python,2024-03,0,0,0,0,0
240673792,lyhue1991/eat_tensorflow2_in_30_days,Python,2024-04,0,0,0,0,0
240673792,lyhue1991/eat_tensorflow2_in_30_days,Python,2024-05,0,0,0,0,0
240673792,lyhue1991/eat_tensorflow2_in_30_days,Python,2024-06,0,0,0,0,0
240673792,lyhue1991/eat_tensorflow2_in_30_days,Python,2024-07,0,0,0,0,0
240673792,lyhue1991/eat_tensorflow2_in_30_days,Python,2024-08,0,0,0,0,0
240673792,lyhue1991/eat_tensorflow2_in_30_days,Python,2024-09,0,0,0,0,0
240673792,lyhue1991/eat_tensorflow2_in_30_days,Python,2024-10,0,0,0,0,0
240673792,lyhue1991/eat_tensorflow2_in_30_days,Python,2024-11,0,0,0,0,0
240673792,lyhue1991/eat_tensorflow2_in_30_days,Python,2024-12,0,0,0,0,0
240673792,lyhue1991/eat_tensorflow2_in_30_days,Python,2025-01,0,0,0,0,0
240673792,lyhue1991/eat_tensorflow2_in_30_days,Python,2025-02,1,0,0,0,0
240673792,lyhue1991/eat_tensorflow2_in_30_days,Python,2025-03,0,0,0,0,0
240673792,lyhue1991/eat_tensorflow2_in_30_days,Python,2025-04,0,0,0,0,0
240673792,lyhue1991/eat_tensorflow2_in_30_days,Python,2025-05,0,0,0,0,0
240673792,lyhue1991/eat_tensorflow2_in_30_days,Python,2025-06,0,0,0,0,0
240673792,lyhue1991/eat_tensorflow2_in_30_days,Python,2025-07,0,0,0,0,0
240673792,lyhue1991/eat_tensorflow2_in_30_days,Python,2025-08,0,0,0,0,0
240673792,lyhue1991/eat_tensorflow2_in_30_days,Python,2025-09,0,0,0,0,0
240673792,lyhue1991/eat_tensorflow2_in_30_days,Python,2025-10,0,0,0,0,0
240673792,lyhue1991/eat_tensorflow2_in_30_days,Python,2025-11,0,0,0,0,0
240673792,lyhue1991/eat_tensorflow2_in_30_days,Python,2025-12,0,0,0,0,0
240673792,lyhue1991/eat_tensorflow2_in_30_days,Python,2026-01,0,0,0,0,0
240673792,lyhue1991/eat_tensorflow2_in_30_days,Python,2026-02,0,0,0,0,0
240673792,lyhue1991/eat_tensorflow2_in_30_days,Python,2026-03,0,0,0,0,0
240673792,lyhue1991/eat_tensorflow2_in_30_days,Python,2026-04,0,0,0,0,0
240673792,lyhue1991/eat_tensorflow2_in_30_days,Python,2026-05,0,0,0,0,0
240673792,lyhue1991/eat_tensorflow2_in_30_days,Python,2026-06,0,0,0,0,0
240673792,lyhue1991/eat_tensorflow2_in_30_days,Python,2026-07,0,0,0,0,0
240673792,lyhue1991/eat_tensorflow2_in_30_days,Python,2026-08,0,0,0,0,0
337459381,Ugenteraan/Deep_Hierarchical_Classification,Python,2021-02,0,0,0,0,0
337459381,Ugenteraan/Deep_Hierarchical_Classification,Python,2021-03,0,0,0,0,0
337459381,Ugenteraan/Deep_Hierarchical_Classification,Python,2021-04,0,0,0,0,0
337459381,Ugenteraan/Deep_Hierarchical_Classification,Python,2021-05,0,0,0,0,0
337459381,Ugenteraan/Deep_Hierarchical_Classification,Python,2021-06,0,0,0,0,0
337459381,Ugenteraan/Deep_Hierarchical_Classification,Python,2021-07,0,0,0,0,0
337459381,Ugenteraan/Deep_Hierarchical_Classification,Python,2021-08,0,0,0,0,0
337459381,Ugenteraan/Deep_Hierarchical_Classification,Python,2021-09,0,0,0,0,0
337459381,Ugenteraan/Deep_Hierarchical_Classification,Python,2021-10,0,0,0,0,0
337459381,Ugenteraan/Deep_Hierarchical_Classification,Python,2021-11,0,0,0,0,0
337459381,Ugenteraan/Deep_Hierarchical_Classification,Python,2021-12,0,0,0,0,0
337459381,Ugenteraan/Deep_Hierarchical_Classification,Python,2022-01,1,1,1,1,1
337459381,Ugenteraan/Deep_Hierarchical_Classification,Python,2022-02,0,0,0,0,0
337459381,Ugenteraan/Deep_Hierarchical_Classification,Python,2022-03,0,0,0,0,0
337459381,Ugenteraan/Deep_Hierarchical_Classification,Python,2022-04,0,0,0,1,0
337459381,Ugenteraan/Deep_Hierarchical_Classification,Python,2022-05,0,0,0,1,1
337459381,Ugenteraan/Deep_Hierarchical_Classification,Python,2022-06,0,0,0,1,1
337459381,Ugenteraan/Deep_Hierarchical_Classification,Python,2022-07,0,0,0,0,1
337459381,Ugenteraan/Deep_Hierarchical_Classification,Python,2022-08,0,0,0,0,0
337459381,Ugenteraan/Deep_Hierarchical_Classification,Python,2022-09,0,0,0,0,0
337459381,Ugenteraan/Deep_Hierarchical_Classification,Python,2022-10,0,0,0,0,0
337459381,Ugenteraan/Deep_Hierarchical_Classification,Python,2022-11,0,0,0,0,0
337459381,Ugenteraan/Deep_Hierarchical_Classification,Python,2022-12,0,0,0,0,0
337459381,Ugenteraan/Deep_Hierarchical_Classification,Python,2023-01,0,0,0,1,0
337459381,Ugenteraan/Deep_Hierarchical_Classification,Python,2023-02,0,0,0,0,0
337459381,Ugenteraan/Deep_Hierarchical_Classification,Python,2023-03,0,0,0,0,0
337459381,Ugenteraan/Deep_Hierarchical_Classification,Python,2023-04,0,0,0,0,0
337459381,Ugenteraan/Deep_Hierarchical_Classification,Python,2023-05,0,0,0,1,0
337459381,Ugenteraan/Deep_Hierarchical_Classification,Python,2023-06,0,0,0,0,0
337459381,Ugenteraan/Deep_Hierarchical_Classification,Python,2023-07,0,0,0,1,0
337459381,Ugenteraan/Deep_Hierarchical_Classification,Python,2023-08,0,0,0,0,0
337459381,Ugenteraan/Deep_Hierarchical_Classification,Python,2023-09,0,0,0,0,0
337459381,Ugenteraan/Deep_Hierarchical_Classification,Python,2023-10,0,0,0,0,0
337459381,Ugenteraan/Deep_Hierarchical_Classification,Python,2023-11,0,0,0,0,0
337459381,Ugenteraan/Deep_Hierarchical_Classification,Python,2023-12,0,0,0,0,0
337459381,Ugenteraan/Deep_Hierarchical_Classification,Python,2024-01,0,0,0,0,0
337459381,Ugenteraan/Deep_Hierarchical_Classification,Python,2024-02,0,0,0,0,0
337459381,Ugenteraan/Deep_Hierarchical_Classification,Python,2024-03,0,0,0,0,0
337459381,Ugenteraan/Deep_Hierarchical_Classification,Python,2024-04,0,0,0,0,0
337459381,Ugenteraan/Deep_Hierarchical_Classification,Python,2024-05,0,0,0,0,0
337459381,Ugenteraan/Deep_Hierarchical_Classification,Python,2024-06,0,0,0,0,0
337459381,Ugenteraan/Deep_Hierarchical_Classification,Python,2024-07,0,0,0,0,0
337459381,Ugenteraan/Deep_Hierarchical_Classification,Python,2024-08,0,0,0,0,0
337459381,Ugenteraan/Deep_Hierarchical_Classification,Python,2024-09,0,0,0,0,0
337459381,Ugenteraan/Deep_Hierarchical_Classification,Python,2024-10,0,0,0,0,0
337459381,Ugenteraan/Deep_Hierarchical_Classification,Python,2024-11,0,0,0,0,0
337459381,Ugenteraan/Deep_Hierarchical_Classification,Python,2024-12,0,0,0,0,0
337459381,Ugenteraan/Deep_Hierarchical_Classification,Python,2025-01,0,0,0,0,0
337459381,Ugenteraan/Deep_Hierarchical_Classification,Python,2025-02,0,0,0,0,0
337459381,Ugenteraan/Deep_Hierarchical_Classification,Python,2025-03,0,0,0,0,0
337459381,Ugenteraan/Deep_Hierarchical_Classification,Python,2025-04,0,0,0,0,0
337459381,Ugenteraan/Deep_Hierarchical_Classification,Python,2025-05,0,0,0,0,0
337459381,Ugenteraan/Deep_Hierarchical_Classification,Python,2025-06,0,0,0,0,0
337459381,Ugenteraan/Deep_Hierarchical_Classification,Python,2025-07,0,0,0,0,0
337459381,Ugenteraan/Deep_Hierarchical_Classification,Python,2025-08,0,0,0,0,0
337459381,Ugenteraan/Deep_Hierarchical_Classification,Python,2025-09,0,0,0,0,0
337459381,Ugenteraan/Deep_Hierarchical_Classification,Python,2025-10,0,0,0,0,0
337459381,Ugenteraan/Deep_Hierarchical_Classification,Python,2025-11,0,0,0,0,0
337459381,Ugenteraan/Deep_Hierarchical_Classification,Python,2025-12,0,0,0,0,0
337459381,Ugenteraan/Deep_Hierarchical_Classification,Python,2026-01,0,0,0,0,0
337459381,Ugenteraan/Deep_Hierarchical_Classification,Python,2026-02,0,0,0,0,0
337459381,Ugenteraan/Deep_Hierarchical_Classification,Python,2026-03,0,0,0,0,0
337459381,Ugenteraan/Deep_Hierarchical_Classification,Python,2026-04,0,0,0,0,0
337459381,Ugenteraan/Deep_Hierarchical_Classification,Python,2026-05,0,0,0,0,0
337459381,Ugenteraan/Deep_Hierarchical_Classification,Python,2026-06,0,0,0,0,0
337459381,Ugenteraan/Deep_Hierarchical_Classification,Python,2026-07,0,0,0,0,0
337459381,Ugenteraan/Deep_Hierarchical_Classification,Python,2026-08,0,0,0,0,0
337459381,Ugenteraan/Deep_Hierarchical_Classification,Python,2026-09,0,0,0,0,0
352933140,ToolJet/ToolJet,JavaScript,2021-03,0,0,0,6,1
352933140,ToolJet/ToolJet,JavaScript,2021-04,19,19,18,121,98
352933140,ToolJet/ToolJet,JavaScript,2021-05,4,4,4,28,23
352933140,ToolJet/ToolJet,JavaScript,2021-06,107,103,99,72,63
352933140,ToolJet/ToolJet,JavaScript,2021-07,43,40,32,28,24
352933140,ToolJet/ToolJet,JavaScript,2021-08,119,116,105,105,97
352933140,ToolJet/ToolJet,JavaScript,2021-09,131,127,114,91,77
352933140,ToolJet/ToolJet,JavaScript,2021-10,269,252,198,205,200
352933140,ToolJet/ToolJet,JavaScript,2021-11,81,97,77,42,35
352933140,ToolJet/ToolJet,JavaScript,2021-12,143,132,124,93,57
352933140,ToolJet/ToolJet,JavaScript,2022-01,204,202,176,137,125
352933140,ToolJet/ToolJet,JavaScript,2022-02,174,180,168,148,156
352933140,ToolJet/ToolJet,JavaScript,2022-03,159,158,136,152,122
352933140,ToolJet/ToolJet,JavaScript,2022-04,112,111,99,125,88
352933140,ToolJet/ToolJet,JavaScript,2022-05,127,111,102,111,114
352933140,ToolJet/ToolJet,JavaScript,2022-06,144,137,121,121,119
352933140,ToolJet/ToolJet,JavaScript,2022-07,149,151,134,97,86
352933140,ToolJet/ToolJet,JavaScript,2022-08,137,138,113,80,125
352933140,ToolJet/ToolJet,JavaScript,2022-09,122,118,107,110,107
352933140,ToolJet/ToolJet,JavaScript,2022-10,253,234,167,260,200
352933140,ToolJet/ToolJet,JavaScript,2022-11,107,119,95,80,69
352933140,ToolJet/ToolJet,JavaScript,2022-12,189,190,168,64,73
352933140,ToolJet/ToolJet,JavaScript,2023-01,243,251,229,81,79
352933140,ToolJet/ToolJet,JavaScript,2023-02,101,102,87,93,67
352933140,ToolJet/ToolJet,JavaScript,2023-03,113,107,89,135,108
352933140,ToolJet/ToolJet,JavaScript,2023-04,182,166,102,105,66
352933140,ToolJet/ToolJet,JavaScript,2023-05,255,249,157,155,115
352933140,ToolJet/ToolJet,JavaScript,2023-06,169,156,129,91,77
352933140,ToolJet/ToolJet,JavaScript,2023-07,172,172,140,100,63
352933140,ToolJet/ToolJet,JavaScript,2023-08,124,140,113,66,55
352933140,ToolJet/ToolJet,JavaScript,2023-09,133,119,104,58,49
352933140,ToolJet/ToolJet,JavaScript,2023-10,376,298,202,145,125
352933140,ToolJet/ToolJet,JavaScript,2023-11,69,126,68,68,47
352933140,ToolJet/ToolJet,JavaScript,2023-12,137,137,116,107,64
352933140,ToolJet/ToolJet,JavaScript,2024-01,137,121,96,68,52
352933140,ToolJet/ToolJet,JavaScript,2024-02,172,176,145,97,75
352933140,ToolJet/ToolJet,JavaScript,2024-03,175,135,109,104,54
352933140,ToolJet/ToolJet,JavaScript,2024-04,217,256,198,97,114
352933140,ToolJet/ToolJet,JavaScript,2024-05,236,206,171,143,76
352933140,ToolJet/ToolJet,JavaScript,2024-06,169,183,144,96,79
352933140,ToolJet/ToolJet,JavaScript,2024-07,215,189,151,103,43
352933140,ToolJet/ToolJet,JavaScript,2024-08,99,81,61,53,35
352933140,ToolJet/ToolJet,JavaScript,2024-09,107,98,87,33,21
352933140,ToolJet/ToolJet,JavaScript,2024-10,196,199,123,148,67
352933140,ToolJet/ToolJet,JavaScript,2024-11,194,173,129,73,91
352933140,ToolJet/ToolJet,JavaScript,2024-12,175,141,118,73,46
352933140,ToolJet/ToolJet,JavaScript,2025-01,104,96,74,55,129
352933140,ToolJet/ToolJet,JavaScript,2025-02,121,104,79,54,162
352933140,ToolJet/ToolJet,JavaScript,2025-03,257,221,140,76,78
352933140,ToolJet/ToolJet,JavaScript,2025-04,242,253,213,125,103
352933140,ToolJet/ToolJet,JavaScript,2025-05,149,128,75,24,35
352933140,ToolJet/ToolJet,JavaScript,2025-06,148,157,108,18,17
352933140,ToolJet/ToolJet,JavaScript,2025-07,442,422,337,20,17
352933140,ToolJet/ToolJet,JavaScript,2025-08,296,350,246,56,102
352933140,ToolJet/ToolJet,JavaScript,2025-09,235,229,202,37,34
352933140,ToolJet/ToolJet,JavaScript,2025-10,210,180,136,34,25
352933140,ToolJet/ToolJet,JavaScript,2025-11,182,174,147,15,18
352933140,ToolJet/ToolJet,JavaScript,2025-12,184,174,128,22,15
352933140,ToolJet/ToolJet,JavaScript,2026-01,218,200,169,16,34
352933140,ToolJet/ToolJet,JavaScript,2026-02,238,252,213,20,38
352933140,ToolJet/ToolJet,JavaScript,2026-03,359,318,265,32,31
352933140,ToolJet/ToolJet,JavaScript,2026-04,360,358,294,24,33
352933140,ToolJet/ToolJet,JavaScript,2026-05,319,255,221,16,18
352933140,ToolJet/ToolJet,JavaScript,2026-06,382,312,250,15,95
352933140,ToolJet/ToolJet,JavaScript,2026-07,314,272,230,34,13
352933140,ToolJet/ToolJet,JavaScript,2026-08,359,278,217,24,9
439491516,ange-yaghi/engine-sim,C++,2021-12,0,0,0,0,0
439491516,ange-yaghi/engine-sim,C++,2022-01,0,0,0,0,0
439491516,ange-yaghi/engine-sim,C++,2022-02,0,0,0,0,0
439491516,ange-yaghi/engine-sim,C++,2022-03,0,0,0,0,0
439491516,ange-yaghi/engine-sim,C++,2022-04,0,0,0,0,0
439491516,ange-yaghi/engine-sim,C++,2022-05,0,0,0,0,0
439491516,ange-yaghi/engine-sim,C++,2022-06,0,0,0,0,0
439491516,ange-yaghi/engine-sim,C++,2022-07,0,0,0,0,0
439491516,ange-yaghi/engine-sim,C++,2022-08,23,16,11,192,106
439491516,ange-yaghi/engine-sim,C++,2022-09,3,4,0,98,99
439491516,ange-yaghi/engine-sim,C++,2022-10,8,3,0,50,40
439491516,ange-yaghi/engine-sim,C++,2022-11,1,3,0,12,15
439491516,ange-yaghi/engine-sim,C++,2022-12,1,0,0,17,15
439491516,ange-yaghi/engine-sim,C++,2023-01,1,0,0,7,6
439491516,ange-yaghi/engine-sim,C++,2023-02,0,0,0,4,1
439491516,ange-yaghi/engine-sim,C++,2023-03,0,0,0,1,0
439491516,ange-yaghi/engine-sim,C++,2023-04,0,0,0,4,1
439491516,ange-yaghi/engine-sim,C++,2023-05,0,0,0,2,1
439491516,ange-yaghi/engine-sim,C++,2023-06,0,0,0,3,1
439491516,ange-yaghi/engine-sim,C++,2023-07,0,0,0,1,1
439491516,ange-yaghi/engine-sim,C++,2023-08,0,0,0,1,0
439491516,ange-yaghi/engine-sim,C++,2023-09,0,0,0,3,0
439491516,ange-yaghi/engine-sim,C++,2023-10,0,0,0,2,0
439491516,ange-yaghi/engine-sim,C++,2023-11,0,0,0,0,0
439491516,ange-yaghi/engine-sim,C++,2023-12,0,0,0,0,0
439491516,ange-yaghi/engine-sim,C++,2024-01,0,0,0,0,0
439491516,ange-yaghi/engine-sim,C++,2024-02,0,0,0,2,0
439491516,ange-yaghi/engine-sim,C++,2024-03,0,0,0,0,0
439491516,ange-yaghi/engine-sim,C++,2024-04,0,0,0,2,0
439491516,ange-yaghi/engine-sim,C++,2024-05,0,0,0,1,1
439491516,ange-yaghi/engine-sim,C++,2024-06,1,0,0,2,0
439491516,ange-yaghi/engine-sim,C++,2024-07,0,0,0,2,0
439491516,ange-yaghi/engine-sim,C++,2024-08,0,0,0,1,0
439491516,ange-yaghi/engine-sim,C++,2024-09,0,0,0,0,0
439491516,ange-yaghi/engine-sim,C++,2024-10,0,0,0,0,0
439491516,ange-yaghi/engine-sim,C++,2024-11,0,0,0,0,0
439491516,ange-yaghi/engine-sim,C++,2024-12,0,0,0,1,0
439491516,ange-yaghi/engine-sim,C++,2025-01,0,0,0,1,0
439491516,ange-yaghi/engine-sim,C++,2025-02,0,0,0,0,0
439491516,ange-yaghi/engine-sim,C++,2025-03,1,1,0,0,0
439491516,ange-yaghi/engine-sim,C++,2025-04,0,1,0,2,0
439491516,ange-yaghi/engine-sim,C++,2025-05,0,0,0,2,0
439491516,ange-yaghi/engine-sim,C++,2025-06,0,0,0,1,0
439491516,ange-yaghi/engine-sim,C++,2025-07,0,0,0,0,0
439491516,ange-yaghi/engine-sim,C++,2025-08,0,0,0,0,0
439491516,ange-yaghi/engine-sim,C++,2025-09,0,1,0,1,0
439491516,ange-yaghi/engine-sim,C++,2025-10,0,0,0,1,0
439491516,ange-yaghi/engine-sim,C++,2025-11,0,0,0,0,0
439491516,ange-yaghi/engine-sim,C++,2025-12,0,0,0,0,0
439491516,ange-yaghi/engine-sim,C++,2026-01,1,1,0,0,1
439491516,ange-yaghi/engine-sim,C++,2026-02,0,0,0,0,0
439491516,ange-yaghi/engine-sim,C++,2026-03,0,0,0,0,0
439491516,ange-yaghi/engine-sim,C++,2026-04,0,0,0,2,1
439491516,ange-yaghi/engine-sim,C++,2026-05,0,0,0,0,1
439491516,ange-yaghi/engine-sim,C++,2026-06,0,0,0,2,0
439491516,ange-yaghi/engine-sim,C++,2026-07,1,1,0,3,0
439491516,ange-yaghi/engine-sim,C++,2026-08,1,1,0,0,0
579676275,Flipper-XFW/Xtreme-Firmware,C,2022-12,38,38,38,10,9
579676275,Flipper-XFW/Xtreme-Firmware,C,2023-01,45,44,34,26,25
579676275,Flipper-XFW/Xtreme-Firmware,C,2023-02,8,8,6,21,20
579676275,Flipper-XFW/Xtreme-Firmware,C,2023-03,7,8,8,33,25
579676275,Flipper-XFW/Xtreme-Firmware,C,2023-04,4,4,2,26,26
579676275,Flipper-XFW/Xtreme-Firmware,C,2023-05,15,14,10,43,44
579676275,Flipper-XFW/Xtreme-Firmware,C,2023-06,6,7,2,30,23
579676275,Flipper-XFW/Xtreme-Firmware,C,2023-07,6,6,4,21,22
579676275,Flipper-XFW/Xtreme-Firmware,C,2023-08,6,5,4,23,19
579676275,Flipper-XFW/Xtreme-Firmware,C,2023-09,6,7,3,20,17
579676275,Flipper-XFW/Xtreme-Firmware,C,2023-10,8,7,3,20,18
579676275,Flipper-XFW/Xtreme-Firmware,C,2023-11,15,16,10,21,14
579676275,Flipper-XFW/Xtreme-Firmware,C,2023-12,9,8,8,21,17
579676275,Flipper-XFW/Xtreme-Firmware,C,2024-01,2,2,0,33,21
579676275,Flipper-XFW/Xtreme-Firmware,C,2024-02,7,6,5,25,31
579676275,Flipper-XFW/Xtreme-Firmware,C,2024-03,0,1,0,15,4
579676275,Flipper-XFW/Xtreme-Firmware,C,2024-04,0,0,0,6,3
579676275,Flipper-XFW/Xtreme-Firmware,C,2024-05,0,0,0,5,2
579676275,Flipper-XFW/Xtreme-Firmware,C,2024-06,3,1,0,7,1
579676275,Flipper-XFW/Xtreme-Firmware,C,2024-07,0,0,0,2,3
579676275,Flipper-XFW/Xtreme-Firmware,C,2024-08,0,0,0,0,0
579676275,Flipper-XFW/Xtreme-Firmware,C,2024-09,0,0,0,0,0
579676275,Flipper-XFW/Xtreme-Firmware,C,2024-10,0,0,0,0,0
579676275,Flipper-XFW/Xtreme-Firmware,C,2024-11,0,0,0,0,0
579676275,Flipper-XFW/Xtreme-Firmware,C,2024-12,0,0,0,0,0
579676275,Flipper-XFW/Xtreme-Firmware,C,2025-01,0,1,0,0,0
579676275,Flipper-XFW/Xtreme-Firmware,C,2025-02,0,1,0,0,0
579676275,Flipper-XFW/Xtreme-Firmware,C,2025-03,0,1,0,0,0
579676275,Flipper-XFW/Xtreme-Firmware,C,2025-04,0,0,0,0,0
579676275,Flipper-XFW/Xtreme-Firmware,C,2025-05,0,0,0,0,0
579676275,Flipper-XFW/Xtreme-Firmware,C,2025-06,0,0,0,0,0
579676275,Flipper-XFW/Xtreme-Firmware,C,2025-07,0,0,0,0,0
579676275,Flipper-XFW/Xtreme-Firmware,C,2025-08,0,0,0,0,0
579676275,Flipper-XFW/Xtreme-Firmware,C,2025-09,0,0,0,0,0
579676275,Flipper-XFW/Xtreme-Firmware,C,2025-10,0,0,0,0,0
579676275,Flipper-XFW/Xtreme-Firmware,C,2025-11,0,0,0,0,0
579676275,Flipper-XFW/Xtreme-Firmware,C,2025-12,0,0,0,0,0
579676275,Flipper-XFW/Xtreme-Firmware,C,2026-01,0,0,0,0,0
579676275,Flipper-XFW/Xtreme-Firmware,C,2026-02,0,0,0,0,0
579676275,Flipper-XFW/Xtreme-Firmware,C,2026-03,0,0,0,0,0
579676275,Flipper-XFW/Xtreme-Firmware,C,2026-04,0,0,0,0,0
579676275,Flipper-XFW/Xtreme-Firmware,C,2026-05,0,0,0,0,0
579676275,Flipper-XFW/Xtreme-Firmware,C,2026-06,0,0,0,0,0
579676275,Flipper-XFW/Xtreme-Firmware,C,2026-07,0,0,0,0,0
579676275,Flipper-XFW/Xtreme-Firmware,C,2026-08,0,0,0,0,0
585146387,shadcn-ui/ui,TypeScript,2023-01,29,20,14,19,7
585146387,shadcn-ui/ui,TypeScript,2023-02,39,26,22,21,5
585146387,shadcn-ui/ui,TypeScript,2023-03,25,15,11,14,4
585146387,shadcn-ui/ui,TypeScript,2023-04,57,44,28,54,14
585146387,shadcn-ui/ui,TypeScript,2023-05,107,58,41,149,56
585146387,shadcn-ui/ui,TypeScript,2023-06,91,42,24,150,57
585146387,shadcn-ui/ui,TypeScript,2023-07,84,39,17,172,61
585146387,shadcn-ui/ui,TypeScript,2023-08,88,65,27,155,67
585146387,shadcn-ui/ui,TypeScript,2023-09,61,45,15,117,47
585146387,shadcn-ui/ui,TypeScript,2023-10,61,67,29,132,71
585146387,shadcn-ui/ui,TypeScript,2023-11,31,41,25,97,33
585146387,shadcn-ui/ui,TypeScript,2023-12,67,26,11,137,54
585146387,shadcn-ui/ui,TypeScript,2024-01,111,75,25,194,79
585146387,shadcn-ui/ui,TypeScript,2024-02,66,17,1,127,432
585146387,shadcn-ui/ui,TypeScript,2024-03,95,37,18,139,77
585146387,shadcn-ui/ui,TypeScript,2024-04,78,14,4,90,21
585146387,shadcn-ui/ui,TypeScript,2024-05,62,11,1,78,21
585146387,shadcn-ui/ui,TypeScript,2024-06,65,17,1,88,443
585146387,shadcn-ui/ui,TypeScript,2024-07,106,46,24,115,196
585146387,shadcn-ui/ui,TypeScript,2024-08,56,59,11,82,63
585146387,shadcn-ui/ui,TypeScript,2024-09,113,61,32,121,28
585146387,shadcn-ui/ui,TypeScript,2024-10,105,55,24,152,52
585146387,shadcn-ui/ui,TypeScript,2024-11,100,64,21,104,32
585146387,shadcn-ui/ui,TypeScript,2024-12,70,40,10,94,22
585146387,shadcn-ui/ui,TypeScript,2025-01,97,29,15,109,14
585146387,shadcn-ui/ui,TypeScript,2025-02,98,67,43,115,50
585146387,shadcn-ui/ui,TypeScript,2025-03,106,89,50,120,49
585146387,shadcn-ui/ui,TypeScript,2025-04,80,177,10,91,26
585146387,shadcn-ui/ui,TypeScript,2025-05,54,70,8,96,18
585146387,shadcn-ui/ui,TypeScript,2025-06,89,138,22,77,110
585146387,shadcn-ui/ui,TypeScript,2025-07,83,98,29,88,116
585146387,shadcn-ui/ui,TypeScript,2025-08,89,79,29,59,57
585146387,shadcn-ui/ui,TypeScript,2025-09,117,128,52,62,44
585146387,shadcn-ui/ui,TypeScript,2025-10,193,245,97,134,166
585146387,shadcn-ui/ui,TypeScript,2025-11,141,115,45,95,83
585146387,shadcn-ui/ui,TypeScript,2025-12,157,80,50,123,43
585146387,shadcn-ui/ui,TypeScript,2026-01,161,156,55,83,116
585146387,shadcn-ui/ui,TypeScript,2026-02,166,154,59,66,97
585146387,shadcn-ui/ui,TypeScript,2026-03,379,316,118,77,128
585146387,shadcn-ui/ui,TypeScript,2026-04,193,131,63,54,57
585146387,shadcn-ui/ui,TypeScript,2026-05,211,104,57,61,17
585146387,shadcn-ui/ui,TypeScript,2026-06,165,115,68,40,10
585146387,shadcn-ui/ui,TypeScript,2026-07,220,136,91,49,16
585146387,shadcn-ui/ui,TypeScript,2026-08,291,265,73,59,215
762147600,SquirrelCorporation/SquirrelServersManager,TypeScript,2024-02,0,0,0,0,0
762147600,SquirrelCorporation/SquirrelServersManager,TypeScript,2024-03,0,0,0,0,0
762147600,SquirrelCorporation/SquirrelServersManager,TypeScript,2024-04,2,1,0,0,0
762147600,SquirrelCorporation/SquirrelServersManager,TypeScript,2024-05,5,6,1,1,0
762147600,SquirrelCorporation/SquirrelServersManager,TypeScript,2024-06,23,22,19,11,8
762147600,SquirrelCorporation/SquirrelServersManager,TypeScript,2024-07,56,43,40,31,15
762147600,SquirrelCorporation/SquirrelServersManager,TypeScript,2024-08,90,102,89,14,16
762147600,SquirrelCorporation/SquirrelServersManager,TypeScript,2024-09,67,66,54,9,9
762147600,SquirrelCorporation/SquirrelServersManager,TypeScript,2024-10,78,79,57,17,8
762147600,SquirrelCorporation/SquirrelServersManager,TypeScript,2024-11,102,102,92,8,17
762147600,SquirrelCorporation/SquirrelServersManager,TypeScript,2024-12,67,67,47,12,9
762147600,SquirrelCorporation/SquirrelServersManager,TypeScript,2025-01,65,65,42,4,2
762147600,SquirrelCorporation/SquirrelServersManager,TypeScript,2025-02,84,82,68,21,15
762147600,SquirrelCorporation/SquirrelServersManager,TypeScript,2025-03,47,27,0,2,0
762147600,SquirrelCorporation/SquirrelServersManager,TypeScript,2025-04,40,59,32,1,1
762147600,SquirrelCorporation/SquirrelServersManager,TypeScript,2025-05,79,67,60,10,9
762147600,SquirrelCorporation/SquirrelServersManager,TypeScript,2025-06,46,41,13,1,1
762147600,SquirrelCorporation/SquirrelServersManager,TypeScript,2025-07,26,25,11,0,0
762147600,SquirrelCorporation/SquirrelServersManager,TypeScript,2025-08,17,14,0,1,0
762147600,SquirrelCorporation/SquirrelServersManager,TypeScript,2025-09,22,23,4,0,0
762147600,SquirrelCorporation/SquirrelServersManager,TypeScript,2025-10,15,16,4,0,0
762147600,SquirrelCorporation/SquirrelServersManager,TypeScript,2025-11,5,4,0,2,1
762147600,SquirrelCorporation/SquirrelServersManager,TypeScript,2025-12,0,0,0,0,0
762147600,SquirrelCorporation/SquirrelServersManager,TypeScript,2026-01,0,0,0,1,0
762147600,SquirrelCorporation/SquirrelServersManager,TypeScript,2026-02,0,0,0,0,0
762147600,SquirrelCorporation/SquirrelServersManager,TypeScript,2026-03,0,0,0,0,0
762147600,SquirrelCorporation/SquirrelServersManager,TypeScript,2026-04,0,0,0,0,0
762147600,SquirrelCorporation/SquirrelServersManager,TypeScript,2026-05,0,0,0,0,0
762147600,SquirrelCorporation/SquirrelServersManager,TypeScript,2026-06,0,0,0,0,0
762147600,SquirrelCorporation/SquirrelServersManager,TypeScript,2026-07,0,0,0,0,0
762147600,SquirrelCorporation/SquirrelServersManager,TypeScript,2026-08,0,0,0,0,0
762147600,SquirrelCorporation/SquirrelServersManager,TypeScript,2026-09,0,0,0,0,0
1051153247,Latias94/dear-imgui-rs,Rust,2025-09,3,2,2,1,1
1051153247,Latias94/dear-imgui-rs,Rust,2025-10,1,2,1,0,0
1051153247,Latias94/dear-imgui-rs,Rust,2025-11,1,0,0,1,1
1051153247,Latias94/dear-imgui-rs,Rust,2025-12,1,1,1,2,2
1051153247,Latias94/dear-imgui-rs,Rust,2026-01,1,0,0,2,2
1051153247,Latias94/dear-imgui-rs,Rust,2026-02,2,2,1,5,5
1051153247,Latias94/dear-imgui-rs,Rust,2026-03,3,3,2,2,2
1051153247,Latias94/dear-imgui-rs,Rust,2026-04,0,2,0,1,1
1051153247,Latias94/dear-imgui-rs,Rust,2026-05,0,0,0,3,3
1051153247,Latias94/dear-imgui-rs,Rust,2026-06,2,2,2,4,3
1051153247,Latias94/dear-imgui-rs,Rust,2026-07,18,17,17,9,9
1051153247,Latias94/dear-imgui-rs,Rust,2026-08,16,17,16,1,1
