repo_id,full_name,language,month,commits,contributors,new_contributors,returning_contributors,pr_opened,pr_closed,pr_merged,issues_opened,issues_closed,is_partial_month
7905539,koral--/android-gif-drawable,Java,2013-01,5,2,2,0,0,0,0,0,0,False
7905539,koral--/android-gif-drawable,Java,2013-02,4,2,1,1,0,0,0,0,0,False
7905539,koral--/android-gif-drawable,Java,2013-03,1,1,0,1,0,0,0,0,0,False
7905539,koral--/android-gif-drawable,Java,2013-04,0,0,0,0,0,0,0,0,0,False
7905539,koral--/android-gif-drawable,Java,2013-05,0,0,0,0,0,0,0,0,0,False
7905539,koral--/android-gif-drawable,Java,2013-06,0,0,0,0,0,0,0,0,0,False
7905539,koral--/android-gif-drawable,Java,2013-07,0,0,0,0,0,0,0,0,0,False
7905539,koral--/android-gif-drawable,Java,2013-08,0,0,0,0,0,0,0,1,0,False
7905539,koral--/android-gif-drawable,Java,2013-09,19,2,1,1,0,0,0,2,2,False
7905539,koral--/android-gif-drawable,Java,2013-10,13,2,0,2,0,0,0,3,3,False
7905539,koral--/android-gif-drawable,Java,2013-11,20,3,1,2,4,4,4,7,5,False
7905539,koral--/android-gif-drawable,Java,2013-12,18,1,0,1,0,0,0,7,8,False
7905539,koral--/android-gif-drawable,Java,2014-01,7,1,0,1,0,0,0,4,3,False
7905539,koral--/android-gif-drawable,Java,2014-02,17,1,0,1,0,0,0,10,9,False
7905539,koral--/android-gif-drawable,Java,2014-03,24,2,1,1,0,0,0,9,7,False
7905539,koral--/android-gif-drawable,Java,2014-04,9,2,0,2,0,0,0,7,7,False
7905539,koral--/android-gif-drawable,Java,2014-05,17,3,1,2,2,2,1,4,3,False
7905539,koral--/android-gif-drawable,Java,2014-06,5,1,0,1,1,0,0,4,4,False
7905539,koral--/android-gif-drawable,Java,2014-07,8,2,0,2,0,1,0,9,4,False
7905539,koral--/android-gif-drawable,Java,2014-08,7,1,0,1,0,0,0,5,7,False
7905539,koral--/android-gif-drawable,Java,2014-09,9,2,0,2,0,0,0,4,5,False
7905539,koral--/android-gif-drawable,Java,2014-10,31,1,0,1,0,0,0,10,8,False
7905539,koral--/android-gif-drawable,Java,2014-11,14,3,1,2,1,1,1,5,6,False
7905539,koral--/android-gif-drawable,Java,2014-12,24,2,0,2,0,0,0,9,6,False
7905539,koral--/android-gif-drawable,Java,2015-01,14,3,1,2,1,1,1,7,7,False
7905539,koral--/android-gif-drawable,Java,2015-02,10,3,1,2,1,1,1,6,5,False
7905539,koral--/android-gif-drawable,Java,2015-03,80,3,1,2,1,1,0,17,19,False
7905539,koral--/android-gif-drawable,Java,2015-04,52,2,0,2,0,0,0,18,18,False
7905539,koral--/android-gif-drawable,Java,2015-05,15,2,0,2,0,0,0,15,15,False
7905539,koral--/android-gif-drawable,Java,2015-06,8,1,0,1,0,0,0,8,8,False
7905539,koral--/android-gif-drawable,Java,2015-07,12,2,1,1,1,1,1,9,7,False
7905539,koral--/android-gif-drawable,Java,2015-08,8,1,0,1,0,0,0,8,5,False
7905539,koral--/android-gif-drawable,Java,2015-09,12,2,0,2,0,0,0,7,8,False
7905539,koral--/android-gif-drawable,Java,2015-10,12,1,0,1,2,2,0,13,14,False
7905539,koral--/android-gif-drawable,Java,2015-11,16,1,0,1,0,0,0,6,6,False
7905539,koral--/android-gif-drawable,Java,2015-12,17,2,0,2,0,0,0,8,9,False
7905539,koral--/android-gif-drawable,Java,2016-01,33,3,1,2,1,1,1,14,11,False
7905539,koral--/android-gif-drawable,Java,2016-02,15,1,0,1,0,0,0,2,5,False
7905539,koral--/android-gif-drawable,Java,2016-03,22,2,1,1,1,1,1,8,8,False
7905539,koral--/android-gif-drawable,Java,2016-04,25,4,2,2,3,3,2,23,14,False
7905539,koral--/android-gif-drawable,Java,2016-05,23,1,0,1,0,0,0,17,20,False
7905539,koral--/android-gif-drawable,Java,2016-06,17,2,0,2,0,0,0,8,11,False
7905539,koral--/android-gif-drawable,Java,2016-07,16,2,1,1,0,0,0,7,4,False
7905539,koral--/android-gif-drawable,Java,2016-08,22,2,0,2,0,0,0,16,15,False
7905539,koral--/android-gif-drawable,Java,2016-09,27,2,0,2,0,0,0,10,7,False
7905539,koral--/android-gif-drawable,Java,2016-10,20,1,0,1,0,0,0,9,11,False
7905539,koral--/android-gif-drawable,Java,2016-11,38,1,0,1,0,0,0,7,9,False
7905539,koral--/android-gif-drawable,Java,2016-12,4,1,0,1,0,0,0,6,4,False
7905539,koral--/android-gif-drawable,Java,2017-01,40,3,1,2,1,1,1,12,13,False
7905539,koral--/android-gif-drawable,Java,2017-02,19,1,0,1,0,0,0,6,4,False
7905539,koral--/android-gif-drawable,Java,2017-03,24,4,2,2,3,3,2,6,5,False
7905539,koral--/android-gif-drawable,Java,2017-04,17,2,0,2,7,7,6,3,6,False
7905539,koral--/android-gif-drawable,Java,2017-05,17,1,0,1,2,2,1,6,6,False
7905539,koral--/android-gif-drawable,Java,2017-06,12,1,0,1,1,1,1,4,4,False
7905539,koral--/android-gif-drawable,Java,2017-07,5,2,1,1,3,3,2,6,3,False
7905539,koral--/android-gif-drawable,Java,2017-08,32,2,1,1,10,10,9,7,9,False
7905539,koral--/android-gif-drawable,Java,2017-09,2,1,0,1,3,3,2,8,6,False
7905539,koral--/android-gif-drawable,Java,2017-10,0,0,0,0,1,1,0,8,6,False
7905539,koral--/android-gif-drawable,Java,2017-11,8,1,0,1,6,6,5,8,9,False
7905539,koral--/android-gif-drawable,Java,2017-12,15,1,0,1,8,8,6,9,9,False
7905539,koral--/android-gif-drawable,Java,2018-01,4,1,0,1,1,1,1,4,4,False
7905539,koral--/android-gif-drawable,Java,2018-02,16,1,0,1,6,6,5,6,4,False
7905539,koral--/android-gif-drawable,Java,2018-03,13,1,0,1,5,5,5,7,7,False
7905539,koral--/android-gif-drawable,Java,2018-04,10,1,0,1,3,3,3,10,10,False
7905539,koral--/android-gif-drawable,Java,2018-05,8,1,0,1,3,2,2,7,6,False
7905539,koral--/android-gif-drawable,Java,2018-06,12,1,0,1,0,0,0,3,3,False
7905539,koral--/android-gif-drawable,Java,2018-07,46,1,0,1,7,8,7,13,13,False
7905539,koral--/android-gif-drawable,Java,2018-08,2,1,0,1,3,2,1,5,6,False
7905539,koral--/android-gif-drawable,Java,2018-09,5,1,0,1,1,1,1,10,12,False
7905539,koral--/android-gif-drawable,Java,2018-10,4,1,0,1,1,2,2,11,8,False
7905539,koral--/android-gif-drawable,Java,2018-11,18,1,0,1,7,7,6,6,6,False
7905539,koral--/android-gif-drawable,Java,2018-12,0,0,0,0,0,0,0,9,9,False
7905539,koral--/android-gif-drawable,Java,2019-01,0,0,0,0,0,0,0,6,5,False
7905539,koral--/android-gif-drawable,Java,2019-02,0,0,0,0,0,0,0,1,0,False
7905539,koral--/android-gif-drawable,Java,2019-03,12,1,0,1,1,0,0,3,3,False
7905539,koral--/android-gif-drawable,Java,2019-04,12,3,2,1,3,3,3,15,12,False
7905539,koral--/android-gif-drawable,Java,2019-05,2,1,0,1,0,0,0,5,2,False
7905539,koral--/android-gif-drawable,Java,2019-06,4,1,0,1,0,1,1,2,3,False
7905539,koral--/android-gif-drawable,Java,2019-07,0,0,0,0,1,0,0,6,4,False
7905539,koral--/android-gif-drawable,Java,2019-08,30,3,2,1,3,3,3,8,8,False
7905539,koral--/android-gif-drawable,Java,2019-09,11,1,0,1,4,5,5,4,4,False
7905539,koral--/android-gif-drawable,Java,2019-10,3,3,2,1,3,2,2,12,12,False
7905539,koral--/android-gif-drawable,Java,2019-11,3,2,0,2,2,2,2,4,4,False
7905539,koral--/android-gif-drawable,Java,2019-12,3,1,0,1,1,2,2,5,9,False
7905539,koral--/android-gif-drawable,Java,2020-01,0,0,0,0,0,0,0,3,2,False
7905539,koral--/android-gif-drawable,Java,2020-02,1,1,0,1,1,1,0,3,4,False
7905539,koral--/android-gif-drawable,Java,2020-03,0,0,0,0,0,0,0,2,0,False
7905539,koral--/android-gif-drawable,Java,2020-04,3,1,0,1,1,1,1,4,1,False
7905539,koral--/android-gif-drawable,Java,2020-05,4,2,1,1,2,2,2,1,0,False
7905539,koral--/android-gif-drawable,Java,2020-06,0,0,0,0,0,0,0,2,1,False
7905539,koral--/android-gif-drawable,Java,2020-07,0,0,0,0,0,0,0,2,2,False
7905539,koral--/android-gif-drawable,Java,2020-08,2,2,1,1,1,1,1,5,1,False
7905539,koral--/android-gif-drawable,Java,2020-09,0,0,0,0,1,0,0,2,4,False
7905539,koral--/android-gif-drawable,Java,2020-10,1,1,0,1,0,1,1,1,6,False
7905539,koral--/android-gif-drawable,Java,2020-11,0,0,0,0,1,1,0,0,0,False
7905539,koral--/android-gif-drawable,Java,2020-12,0,0,0,0,0,0,0,3,2,False
7905539,koral--/android-gif-drawable,Java,2021-01,0,0,0,0,0,0,0,2,3,False
7905539,koral--/android-gif-drawable,Java,2021-02,3,2,0,2,0,0,0,4,1,False
7905539,koral--/android-gif-drawable,Java,2021-03,2,2,1,1,1,1,1,2,1,False
7905539,koral--/android-gif-drawable,Java,2021-04,0,0,0,0,0,0,0,1,1,False
7905539,koral--/android-gif-drawable,Java,2021-05,0,0,0,0,0,0,0,0,1,False
7905539,koral--/android-gif-drawable,Java,2021-06,0,0,0,0,0,0,0,0,0,False
7905539,koral--/android-gif-drawable,Java,2021-07,0,0,0,0,0,0,0,2,2,False
7905539,koral--/android-gif-drawable,Java,2021-08,1,1,1,0,1,1,1,1,0,False
7905539,koral--/android-gif-drawable,Java,2021-09,0,0,0,0,0,0,0,2,0,False
7905539,koral--/android-gif-drawable,Java,2021-10,0,0,0,0,0,0,0,1,2,False
7905539,koral--/android-gif-drawable,Java,2021-11,1,1,1,0,4,3,1,4,4,False
7905539,koral--/android-gif-drawable,Java,2021-12,0,0,0,0,0,1,0,3,7,False
7905539,koral--/android-gif-drawable,Java,2022-01,5,1,0,1,1,1,1,1,1,False
7905539,koral--/android-gif-drawable,Java,2022-02,0,0,0,0,0,0,0,1,1,False
7905539,koral--/android-gif-drawable,Java,2022-03,0,0,0,0,0,0,0,1,1,False
7905539,koral--/android-gif-drawable,Java,2022-04,2,1,0,1,0,0,0,1,0,False
7905539,koral--/android-gif-drawable,Java,2022-05,0,0,0,0,0,0,0,2,2,False
7905539,koral--/android-gif-drawable,Java,2022-06,0,0,0,0,0,0,0,2,0,False
7905539,koral--/android-gif-drawable,Java,2022-07,1,1,0,1,2,1,1,3,6,False
7905539,koral--/android-gif-drawable,Java,2022-08,10,1,0,1,1,2,2,2,5,False
7905539,koral--/android-gif-drawable,Java,2022-09,0,0,0,0,0,0,0,2,2,False
7905539,koral--/android-gif-drawable,Java,2022-10,0,0,0,0,1,0,0,2,2,False
7905539,koral--/android-gif-drawable,Java,2022-11,0,0,0,0,0,1,0,2,0,False
7905539,koral--/android-gif-drawable,Java,2022-12,0,0,0,0,1,1,0,1,0,False
7905539,koral--/android-gif-drawable,Java,2023-01,0,0,0,0,0,0,0,2,6,False
7905539,koral--/android-gif-drawable,Java,2023-02,0,0,0,0,0,0,0,1,1,False
7905539,koral--/android-gif-drawable,Java,2023-03,0,0,0,0,0,0,0,0,3,False
7905539,koral--/android-gif-drawable,Java,2023-04,0,0,0,0,0,0,0,0,0,False
7905539,koral--/android-gif-drawable,Java,2023-05,0,0,0,0,1,0,0,1,1,False
7905539,koral--/android-gif-drawable,Java,2023-06,1,1,0,1,1,1,1,1,1,False
7905539,koral--/android-gif-drawable,Java,2023-07,1,1,0,1,1,1,1,3,2,False
7905539,koral--/android-gif-drawable,Java,2023-08,1,1,0,1,1,2,1,2,3,False
7905539,koral--/android-gif-drawable,Java,2023-09,0,0,0,0,0,0,0,0,0,False
7905539,koral--/android-gif-drawable,Java,2023-10,2,2,1,1,4,3,2,0,0,False
7905539,koral--/android-gif-drawable,Java,2023-11,0,0,0,0,0,0,0,2,1,False
7905539,koral--/android-gif-drawable,Java,2023-12,0,0,0,0,0,0,0,2,0,False
7905539,koral--/android-gif-drawable,Java,2024-01,0,0,0,0,0,0,0,0,0,False
7905539,koral--/android-gif-drawable,Java,2024-02,0,0,0,0,0,0,0,1,0,False
7905539,koral--/android-gif-drawable,Java,2024-03,0,0,0,0,0,0,0,0,1,False
7905539,koral--/android-gif-drawable,Java,2024-04,0,0,0,0,0,0,0,2,1,False
7905539,koral--/android-gif-drawable,Java,2024-05,0,0,0,0,0,0,0,0,0,False
7905539,koral--/android-gif-drawable,Java,2024-06,0,0,0,0,0,0,0,0,0,False
7905539,koral--/android-gif-drawable,Java,2024-07,1,1,0,1,1,1,1,1,1,False
7905539,koral--/android-gif-drawable,Java,2024-08,0,0,0,0,0,0,0,0,0,False
7905539,koral--/android-gif-drawable,Java,2024-09,0,0,0,0,0,0,0,0,0,False
7905539,koral--/android-gif-drawable,Java,2024-10,0,0,0,0,0,0,0,0,0,False
7905539,koral--/android-gif-drawable,Java,2024-11,0,0,0,0,0,0,0,0,0,False
7905539,koral--/android-gif-drawable,Java,2024-12,0,0,0,0,0,0,0,0,0,False
7905539,koral--/android-gif-drawable,Java,2025-01,0,0,0,0,0,0,0,0,0,False
7905539,koral--/android-gif-drawable,Java,2025-02,0,0,0,0,0,0,0,1,0,False
7905539,koral--/android-gif-drawable,Java,2025-03,0,0,0,0,0,0,0,0,0,False
7905539,koral--/android-gif-drawable,Java,2025-04,0,0,0,0,0,0,0,0,0,False
7905539,koral--/android-gif-drawable,Java,2025-05,0,0,0,0,0,0,0,0,0,False
7905539,koral--/android-gif-drawable,Java,2025-06,0,0,0,0,0,0,0,1,2,False
7905539,koral--/android-gif-drawable,Java,2025-07,0,0,0,0,0,0,0,0,0,False
7905539,koral--/android-gif-drawable,Java,2025-08,2,1,0,1,2,2,2,1,1,False
7905539,koral--/android-gif-drawable,Java,2025-09,0,0,0,0,0,0,0,5,4,False
7905539,koral--/android-gif-drawable,Java,2025-10,0,0,0,0,0,0,0,0,4,False
7905539,koral--/android-gif-drawable,Java,2025-11,0,0,0,0,2,2,0,0,0,False
7905539,koral--/android-gif-drawable,Java,2025-12,4,1,0,1,1,1,1,0,2,False
7905539,koral--/android-gif-drawable,Java,2026-01,0,0,0,0,0,0,0,1,0,False
7905539,koral--/android-gif-drawable,Java,2026-02,2,1,0,1,1,1,1,2,2,False
7905539,koral--/android-gif-drawable,Java,2026-03,0,0,0,0,0,0,0,1,0,False
7905539,koral--/android-gif-drawable,Java,2026-04,0,0,0,0,0,0,0,0,0,False
7905539,koral--/android-gif-drawable,Java,2026-05,0,0,0,0,0,0,0,0,0,False
7905539,koral--/android-gif-drawable,Java,2026-06,6,1,0,1,1,1,1,5,5,False
7905539,koral--/android-gif-drawable,Java,2026-07,0,0,0,0,0,0,0,0,0,False
7905539,koral--/android-gif-drawable,Java,2026-08,0,0,0,0,0,0,0,0,0,False
7905539,koral--/android-gif-drawable,Java,2026-09,0,0,0,0,0,0,0,0,0,True
11730342,vuejs/vue,TypeScript,2013-07,8,2,2,0,0,0,0,0,0,False
11730342,vuejs/vue,TypeScript,2013-08,165,2,0,2,0,0,0,0,0,False
11730342,vuejs/vue,TypeScript,2013-09,20,2,0,2,0,0,0,9,1,False
11730342,vuejs/vue,TypeScript,2013-10,78,2,0,2,0,0,0,18,20,False
11730342,vuejs/vue,TypeScript,2013-11,70,2,0,2,0,0,0,14,18,False
11730342,vuejs/vue,TypeScript,2013-12,62,2,0,2,0,0,0,10,10,False
11730342,vuejs/vue,TypeScript,2014-01,45,2,0,2,0,0,0,11,8,False
11730342,vuejs/vue,TypeScript,2014-02,118,5,3,2,11,11,5,79,75,False
11730342,vuejs/vue,TypeScript,2014-03,110,2,0,2,6,6,0,57,57,False
11730342,vuejs/vue,TypeScript,2014-04,10,3,0,3,1,1,1,35,30,False
11730342,vuejs/vue,TypeScript,2014-05,13,5,2,3,6,5,3,32,26,False
11730342,vuejs/vue,TypeScript,2014-06,15,6,4,2,8,9,4,35,30,False
11730342,vuejs/vue,TypeScript,2014-07,98,5,3,2,6,5,1,41,31,False
11730342,vuejs/vue,TypeScript,2014-08,171,4,2,2,4,4,2,26,22,False
11730342,vuejs/vue,TypeScript,2014-09,141,2,1,1,2,3,1,35,62,False
11730342,vuejs/vue,TypeScript,2014-10,73,3,2,1,3,3,2,77,73,False
11730342,vuejs/vue,TypeScript,2014-11,57,2,1,1,8,7,2,69,70,False
11730342,vuejs/vue,TypeScript,2014-12,48,2,1,1,1,1,1,52,46,False
11730342,vuejs/vue,TypeScript,2015-01,2,1,0,1,2,0,0,36,19,False
11730342,vuejs/vue,TypeScript,2015-02,31,4,3,1,6,6,6,24,24,False
11730342,vuejs/vue,TypeScript,2015-03,4,1,0,1,6,6,0,25,14,False
11730342,vuejs/vue,TypeScript,2015-04,56,6,5,1,10,12,7,45,55,False
11730342,vuejs/vue,TypeScript,2015-05,101,4,3,1,8,7,4,61,86,False
11730342,vuejs/vue,TypeScript,2015-06,165,7,5,2,9,9,6,99,101,False
11730342,vuejs/vue,TypeScript,2015-07,88,3,1,2,2,3,2,114,112,False
11730342,vuejs/vue,TypeScript,2015-08,303,8,5,3,14,12,9,109,111,False
11730342,vuejs/vue,TypeScript,2015-09,275,7,5,2,14,16,8,133,135,False
11730342,vuejs/vue,TypeScript,2015-10,164,8,5,3,12,12,8,110,110,False
11730342,vuejs/vue,TypeScript,2015-11,95,9,5,4,19,20,11,154,148,False
11730342,vuejs/vue,TypeScript,2015-12,74,10,9,1,15,14,9,140,139,False
11730342,vuejs/vue,TypeScript,2016-01,78,11,5,6,20,16,14,138,137,False
11730342,vuejs/vue,TypeScript,2016-02,64,6,4,2,12,14,5,99,94,False
11730342,vuejs/vue,TypeScript,2016-03,104,11,9,2,21,20,15,131,135,False
11730342,vuejs/vue,TypeScript,2016-04,430,18,15,3,40,39,30,137,127,False
11730342,vuejs/vue,TypeScript,2016-05,249,14,6,8,52,53,37,115,116,False
11730342,vuejs/vue,TypeScript,2016-06,240,17,11,6,31,33,26,139,146,False
11730342,vuejs/vue,TypeScript,2016-07,170,9,6,3,16,16,10,145,143,False
11730342,vuejs/vue,TypeScript,2016-08,133,9,7,2,17,13,8,200,188,False
11730342,vuejs/vue,TypeScript,2016-09,106,17,14,3,35,39,25,172,171,False
11730342,vuejs/vue,TypeScript,2016-10,72,19,11,8,45,36,25,209,179,False
11730342,vuejs/vue,TypeScript,2016-11,171,19,10,9,46,57,39,229,249,False
11730342,vuejs/vue,TypeScript,2016-12,118,17,7,10,41,37,27,228,218,False
11730342,vuejs/vue,TypeScript,2017-01,86,12,7,5,29,26,21,176,176,False
11730342,vuejs/vue,TypeScript,2017-02,110,22,15,7,48,43,29,166,167,False
11730342,vuejs/vue,TypeScript,2017-03,110,27,12,15,59,54,39,249,239,False
11730342,vuejs/vue,TypeScript,2017-04,106,18,9,9,21,24,20,197,208,False
11730342,vuejs/vue,TypeScript,2017-05,85,21,15,6,40,38,26,186,176,False
11730342,vuejs/vue,TypeScript,2017-06,53,18,11,7,39,38,24,172,158,False
11730342,vuejs/vue,TypeScript,2017-07,66,12,3,9,31,29,16,216,220,False
11730342,vuejs/vue,TypeScript,2017-08,16,6,2,4,32,19,8,198,177,False
11730342,vuejs/vue,TypeScript,2017-09,85,24,15,9,39,53,32,197,228,False
11730342,vuejs/vue,TypeScript,2017-10,110,24,12,12,54,54,31,201,195,False
11730342,vuejs/vue,TypeScript,2017-11,88,17,11,6,37,36,23,143,154,False
11730342,vuejs/vue,TypeScript,2017-12,58,15,5,10,34,32,19,152,141,False
11730342,vuejs/vue,TypeScript,2018-01,13,6,1,5,32,16,5,199,173,False
11730342,vuejs/vue,TypeScript,2018-02,8,4,3,1,23,4,3,119,107,False
11730342,vuejs/vue,TypeScript,2018-03,82,29,18,11,50,71,44,166,177,False
11730342,vuejs/vue,TypeScript,2018-04,12,6,3,3,37,15,5,134,112,False
11730342,vuejs/vue,TypeScript,2018-05,1,1,1,0,27,7,1,146,134,False
11730342,vuejs/vue,TypeScript,2018-06,2,1,0,1,26,9,0,127,118,False
11730342,vuejs/vue,TypeScript,2018-07,6,1,0,1,25,7,0,119,94,False
11730342,vuejs/vue,TypeScript,2018-08,15,7,4,3,31,16,6,126,115,False
11730342,vuejs/vue,TypeScript,2018-09,7,3,0,3,12,7,2,119,104,False
11730342,vuejs/vue,TypeScript,2018-10,54,33,26,7,22,75,43,104,105,False
11730342,vuejs/vue,TypeScript,2018-11,14,9,6,3,24,23,13,94,89,False
11730342,vuejs/vue,TypeScript,2018-12,101,45,30,15,32,69,48,110,141,False
11730342,vuejs/vue,TypeScript,2019-01,88,8,6,2,45,35,11,87,83,False
11730342,vuejs/vue,TypeScript,2019-02,73,12,8,4,40,37,22,153,147,False
11730342,vuejs/vue,TypeScript,2019-03,40,20,8,12,35,28,23,159,147,False
11730342,vuejs/vue,TypeScript,2019-04,21,11,5,6,36,24,17,128,122,False
11730342,vuejs/vue,TypeScript,2019-05,6,4,2,2,20,13,5,108,96,False
11730342,vuejs/vue,TypeScript,2019-06,8,3,1,2,19,11,7,99,85,False
11730342,vuejs/vue,TypeScript,2019-07,6,3,1,2,26,14,6,95,87,False
11730342,vuejs/vue,TypeScript,2019-08,6,4,2,2,24,15,4,102,92,False
11730342,vuejs/vue,TypeScript,2019-09,6,3,1,2,24,18,5,101,91,False
11730342,vuejs/vue,TypeScript,2019-10,18,7,4,3,40,28,16,91,75,False
11730342,vuejs/vue,TypeScript,2019-11,4,1,0,1,15,9,4,77,67,False
11730342,vuejs/vue,TypeScript,2019-12,7,4,2,2,13,10,4,74,65,False
11730342,vuejs/vue,TypeScript,2020-01,7,3,1,2,23,14,6,67,59,False
11730342,vuejs/vue,TypeScript,2020-02,9,5,3,2,32,17,8,61,56,False
11730342,vuejs/vue,TypeScript,2020-03,8,6,3,3,25,14,7,76,69,False
11730342,vuejs/vue,TypeScript,2020-04,4,3,2,1,20,10,4,73,63,False
11730342,vuejs/vue,TypeScript,2020-05,1,1,0,1,14,6,1,40,34,False
11730342,vuejs/vue,TypeScript,2020-06,4,2,1,1,15,8,4,42,37,False
11730342,vuejs/vue,TypeScript,2020-07,2,2,1,1,25,16,2,47,44,False
11730342,vuejs/vue,TypeScript,2020-08,8,4,0,4,23,24,5,51,47,False
11730342,vuejs/vue,TypeScript,2020-09,11,8,5,3,11,23,11,50,53,False
11730342,vuejs/vue,TypeScript,2020-10,4,4,3,1,22,13,4,28,23,False
11730342,vuejs/vue,TypeScript,2020-11,4,3,1,2,17,13,3,34,27,False
11730342,vuejs/vue,TypeScript,2020-12,2,1,0,1,17,10,2,29,26,False
11730342,vuejs/vue,TypeScript,2021-01,4,1,0,1,12,9,4,38,34,False
11730342,vuejs/vue,TypeScript,2021-02,0,0,0,0,9,6,0,19,19,False
11730342,vuejs/vue,TypeScript,2021-03,19,13,9,4,24,38,19,41,49,False
11730342,vuejs/vue,TypeScript,2021-04,37,14,10,4,26,36,16,30,36,False
11730342,vuejs/vue,TypeScript,2021-05,4,3,0,3,17,8,2,32,31,False
11730342,vuejs/vue,TypeScript,2021-06,13,6,0,6,11,13,6,48,51,False
11730342,vuejs/vue,TypeScript,2021-07,2,1,0,1,14,10,2,26,27,False
11730342,vuejs/vue,TypeScript,2021-08,6,4,0,4,17,14,5,30,38,False
11730342,vuejs/vue,TypeScript,2021-09,7,4,2,2,21,18,7,33,30,False
11730342,vuejs/vue,TypeScript,2021-10,3,1,0,1,18,12,3,18,18,False
11730342,vuejs/vue,TypeScript,2021-11,8,4,3,1,12,11,8,15,16,False
11730342,vuejs/vue,TypeScript,2021-12,4,2,0,2,10,5,1,26,26,False
11730342,vuejs/vue,TypeScript,2022-01,3,2,0,2,14,9,3,30,28,False
11730342,vuejs/vue,TypeScript,2022-02,4,3,0,3,21,16,3,12,10,False
11730342,vuejs/vue,TypeScript,2022-03,0,0,0,0,12,8,0,14,12,False
11730342,vuejs/vue,TypeScript,2022-04,8,2,1,1,12,8,0,8,7,False
11730342,vuejs/vue,TypeScript,2022-05,86,3,0,3,6,20,0,9,11,False
11730342,vuejs/vue,TypeScript,2022-06,86,4,2,2,21,16,3,21,20,False
11730342,vuejs/vue,TypeScript,2022-07,63,14,11,3,35,37,16,94,80,False
11730342,vuejs/vue,TypeScript,2022-08,20,10,7,3,26,23,10,26,34,False
11730342,vuejs/vue,TypeScript,2022-09,2,1,0,1,18,10,0,18,6,False
11730342,vuejs/vue,TypeScript,2022-10,22,8,5,3,24,24,8,24,22,False
11730342,vuejs/vue,TypeScript,2022-11,8,4,2,2,23,15,4,7,12,False
11730342,vuejs/vue,TypeScript,2022-12,4,4,4,0,14,14,4,13,7,False
11730342,vuejs/vue,TypeScript,2023-01,1,1,1,0,18,13,1,12,3,False
11730342,vuejs/vue,TypeScript,2023-02,1,1,1,0,14,10,1,11,6,False
11730342,vuejs/vue,TypeScript,2023-03,0,0,0,0,13,7,0,11,4,False
11730342,vuejs/vue,TypeScript,2023-04,1,1,1,0,8,8,1,8,7,False
11730342,vuejs/vue,TypeScript,2023-05,0,0,0,0,6,5,0,2,1,False
11730342,vuejs/vue,TypeScript,2023-06,0,0,0,0,9,9,0,9,5,False
11730342,vuejs/vue,TypeScript,2023-07,0,0,0,0,9,7,0,9,6,False
11730342,vuejs/vue,TypeScript,2023-08,0,0,0,0,11,13,0,5,4,False
11730342,vuejs/vue,TypeScript,2023-09,0,0,0,0,7,7,0,9,5,False
11730342,vuejs/vue,TypeScript,2023-10,14,6,4,2,11,17,8,4,6,False
11730342,vuejs/vue,TypeScript,2023-11,1,1,0,1,11,9,0,5,4,False
11730342,vuejs/vue,TypeScript,2023-12,28,6,3,3,12,24,6,6,32,False
11730342,vuejs/vue,TypeScript,2024-01,2,1,0,1,21,19,0,0,0,False
11730342,vuejs/vue,TypeScript,2024-02,0,0,0,0,7,10,0,2,2,False
11730342,vuejs/vue,TypeScript,2024-03,0,0,0,0,4,6,0,2,2,False
11730342,vuejs/vue,TypeScript,2024-04,0,0,0,0,3,4,0,0,0,False
11730342,vuejs/vue,TypeScript,2024-05,1,1,1,0,8,8,1,0,0,False
11730342,vuejs/vue,TypeScript,2024-06,1,1,1,0,7,7,1,0,0,False
11730342,vuejs/vue,TypeScript,2024-07,0,0,0,0,4,3,0,0,1,False
11730342,vuejs/vue,TypeScript,2024-08,0,0,0,0,8,9,0,2,3,False
11730342,vuejs/vue,TypeScript,2024-09,0,0,0,0,2,2,0,1,0,False
11730342,vuejs/vue,TypeScript,2024-10,1,1,1,0,9,8,1,0,1,False
11730342,vuejs/vue,TypeScript,2024-11,0,0,0,0,3,3,0,0,1,False
11730342,vuejs/vue,TypeScript,2024-12,0,0,0,0,0,2,0,0,0,False
11730342,vuejs/vue,TypeScript,2025-01,0,0,0,0,5,3,0,0,0,False
11730342,vuejs/vue,TypeScript,2025-02,0,0,0,0,3,4,0,5,2,False
11730342,vuejs/vue,TypeScript,2025-03,0,0,0,0,2,3,0,4,4,False
11730342,vuejs/vue,TypeScript,2025-04,0,0,0,0,3,2,0,0,1,False
11730342,vuejs/vue,TypeScript,2025-05,0,0,0,0,5,6,0,0,1,False
11730342,vuejs/vue,TypeScript,2025-06,0,0,0,0,3,3,0,0,0,False
11730342,vuejs/vue,TypeScript,2025-07,0,0,0,0,9,9,0,1,1,False
11730342,vuejs/vue,TypeScript,2025-08,0,0,0,0,5,1,0,0,0,False
11730342,vuejs/vue,TypeScript,2025-09,0,0,0,0,4,1,0,0,0,False
11730342,vuejs/vue,TypeScript,2025-10,0,0,0,0,4,3,0,0,0,False
11730342,vuejs/vue,TypeScript,2025-11,0,0,0,0,5,0,0,1,0,False
11730342,vuejs/vue,TypeScript,2025-12,0,0,0,0,2,4,0,0,0,False
11730342,vuejs/vue,TypeScript,2026-01,0,0,0,0,6,3,0,0,0,False
11730342,vuejs/vue,TypeScript,2026-02,0,0,0,0,7,4,0,3,0,False
11730342,vuejs/vue,TypeScript,2026-03,0,0,0,0,3,4,0,1,1,False
11730342,vuejs/vue,TypeScript,2026-04,0,0,0,0,8,9,0,0,0,False
11730342,vuejs/vue,TypeScript,2026-05,0,0,0,0,7,5,0,1,1,False
11730342,vuejs/vue,TypeScript,2026-06,0,0,0,0,11,4,0,5,0,False
11730342,vuejs/vue,TypeScript,2026-07,0,0,0,0,3,1,0,0,0,False
11730342,vuejs/vue,TypeScript,2026-08,0,0,0,0,1,1,0,0,0,False
11730342,vuejs/vue,TypeScript,2026-09,0,0,0,0,1,0,0,0,0,True
178597005,FyroxEngine/Fyrox,Rust,2019-03,7,1,1,0,0,0,0,0,0,False
178597005,FyroxEngine/Fyrox,Rust,2019-04,0,0,0,0,0,0,0,0,0,False
178597005,FyroxEngine/Fyrox,Rust,2019-05,0,0,0,0,0,0,0,0,0,False
178597005,FyroxEngine/Fyrox,Rust,2019-06,5,1,0,1,0,0,0,0,0,False
178597005,FyroxEngine/Fyrox,Rust,2019-07,10,2,1,1,0,0,0,0,0,False
178597005,FyroxEngine/Fyrox,Rust,2019-08,29,1,0,1,0,0,0,0,0,False
178597005,FyroxEngine/Fyrox,Rust,2019-09,37,2,1,1,0,0,0,0,0,False
178597005,FyroxEngine/Fyrox,Rust,2019-10,32,1,0,1,0,0,0,0,0,False
178597005,FyroxEngine/Fyrox,Rust,2019-11,32,2,1,1,0,0,0,0,0,False
178597005,FyroxEngine/Fyrox,Rust,2019-12,21,2,0,2,0,0,0,0,0,False
178597005,FyroxEngine/Fyrox,Rust,2020-01,40,2,0,2,0,0,0,1,0,False
178597005,FyroxEngine/Fyrox,Rust,2020-02,32,1,0,1,0,0,0,0,0,False
178597005,FyroxEngine/Fyrox,Rust,2020-03,44,2,0,2,0,0,0,14,6,False
178597005,FyroxEngine/Fyrox,Rust,2020-04,44,2,0,2,1,0,0,7,2,False
178597005,FyroxEngine/Fyrox,Rust,2020-05,46,1,0,1,0,0,0,1,0,False
178597005,FyroxEngine/Fyrox,Rust,2020-06,24,1,0,1,0,0,0,1,0,False
178597005,FyroxEngine/Fyrox,Rust,2020-07,27,3,0,3,0,1,0,1,3,False
178597005,FyroxEngine/Fyrox,Rust,2020-08,25,1,0,1,0,0,0,0,0,False
178597005,FyroxEngine/Fyrox,Rust,2020-09,151,8,6,2,6,5,5,2,0,False
178597005,FyroxEngine/Fyrox,Rust,2020-10,123,5,1,4,3,2,2,10,12,False
178597005,FyroxEngine/Fyrox,Rust,2020-11,69,5,1,4,7,8,7,10,9,False
178597005,FyroxEngine/Fyrox,Rust,2020-12,133,5,1,4,2,1,1,2,3,False
178597005,FyroxEngine/Fyrox,Rust,2021-01,52,2,0,2,0,1,1,1,1,False
178597005,FyroxEngine/Fyrox,Rust,2021-02,51,3,0,3,1,1,1,2,0,False
178597005,FyroxEngine/Fyrox,Rust,2021-03,67,4,2,2,6,6,6,14,7,False
178597005,FyroxEngine/Fyrox,Rust,2021-04,62,3,0,3,2,1,1,3,2,False
178597005,FyroxEngine/Fyrox,Rust,2021-05,118,6,3,3,6,7,6,14,5,False
178597005,FyroxEngine/Fyrox,Rust,2021-06,86,6,4,2,2,2,2,14,13,False
178597005,FyroxEngine/Fyrox,Rust,2021-07,87,4,2,2,3,3,3,7,9,False
178597005,FyroxEngine/Fyrox,Rust,2021-08,107,6,4,2,6,5,5,20,10,False
178597005,FyroxEngine/Fyrox,Rust,2021-09,189,8,4,4,12,12,11,7,8,False
178597005,FyroxEngine/Fyrox,Rust,2021-10,276,7,2,5,11,11,11,16,16,False
178597005,FyroxEngine/Fyrox,Rust,2021-11,131,3,1,2,14,14,14,17,8,False
178597005,FyroxEngine/Fyrox,Rust,2021-12,142,5,2,3,11,10,9,6,3,False
178597005,FyroxEngine/Fyrox,Rust,2022-01,128,5,2,3,8,8,7,10,11,False
178597005,FyroxEngine/Fyrox,Rust,2022-02,97,4,2,2,6,5,5,9,7,False
178597005,FyroxEngine/Fyrox,Rust,2022-03,87,3,1,2,2,4,3,3,3,False
178597005,FyroxEngine/Fyrox,Rust,2022-04,107,6,1,5,3,2,2,4,2,False
178597005,FyroxEngine/Fyrox,Rust,2022-05,56,4,1,3,1,2,2,4,2,False
178597005,FyroxEngine/Fyrox,Rust,2022-06,58,2,1,1,1,1,0,5,0,False
178597005,FyroxEngine/Fyrox,Rust,2022-07,121,3,0,3,5,4,4,6,4,False
178597005,FyroxEngine/Fyrox,Rust,2022-08,128,4,0,4,2,4,4,8,18,False
178597005,FyroxEngine/Fyrox,Rust,2022-09,120,4,1,3,3,3,3,12,3,False
178597005,FyroxEngine/Fyrox,Rust,2022-10,126,6,3,3,3,3,3,11,5,False
178597005,FyroxEngine/Fyrox,Rust,2022-11,151,5,3,2,5,5,5,10,7,False
178597005,FyroxEngine/Fyrox,Rust,2022-12,142,6,2,4,6,6,6,2,1,False
178597005,FyroxEngine/Fyrox,Rust,2023-01,111,3,1,2,2,2,2,3,10,False
178597005,FyroxEngine/Fyrox,Rust,2023-02,125,2,0,2,3,4,3,6,5,False
178597005,FyroxEngine/Fyrox,Rust,2023-03,75,3,1,2,4,4,4,9,12,False
178597005,FyroxEngine/Fyrox,Rust,2023-04,125,4,1,3,5,5,5,1,4,False
178597005,FyroxEngine/Fyrox,Rust,2023-05,82,2,0,2,1,1,1,7,4,False
178597005,FyroxEngine/Fyrox,Rust,2023-06,97,4,2,2,4,4,3,6,3,False
178597005,FyroxEngine/Fyrox,Rust,2023-07,83,3,1,2,2,2,2,3,6,False
178597005,FyroxEngine/Fyrox,Rust,2023-08,132,5,2,3,32,32,31,10,11,False
178597005,FyroxEngine/Fyrox,Rust,2023-09,162,5,2,3,16,15,15,7,6,False
178597005,FyroxEngine/Fyrox,Rust,2023-10,145,6,3,3,9,6,4,6,10,False
178597005,FyroxEngine/Fyrox,Rust,2023-11,206,7,2,5,11,14,11,4,5,False
178597005,FyroxEngine/Fyrox,Rust,2023-12,169,2,0,2,3,4,3,4,3,False
178597005,FyroxEngine/Fyrox,Rust,2024-01,123,4,2,2,3,3,3,11,7,False
178597005,FyroxEngine/Fyrox,Rust,2024-02,207,9,8,1,13,13,12,2,5,False
178597005,FyroxEngine/Fyrox,Rust,2024-03,116,3,1,2,2,2,2,4,7,False
178597005,FyroxEngine/Fyrox,Rust,2024-04,163,6,5,1,16,16,15,2,8,False
178597005,FyroxEngine/Fyrox,Rust,2024-05,90,3,0,3,6,6,5,1,1,False
178597005,FyroxEngine/Fyrox,Rust,2024-06,85,7,3,4,5,3,3,7,9,False
178597005,FyroxEngine/Fyrox,Rust,2024-07,90,4,2,2,5,6,5,3,3,False
178597005,FyroxEngine/Fyrox,Rust,2024-08,85,3,0,3,6,7,5,0,4,False
178597005,FyroxEngine/Fyrox,Rust,2024-09,83,1,0,1,0,0,0,1,1,False
178597005,FyroxEngine/Fyrox,Rust,2024-10,134,8,5,3,12,11,10,3,3,False
178597005,FyroxEngine/Fyrox,Rust,2024-11,89,3,0,3,4,4,3,3,2,False
178597005,FyroxEngine/Fyrox,Rust,2024-12,113,4,1,3,2,1,1,7,2,False
178597005,FyroxEngine/Fyrox,Rust,2025-01,112,3,0,3,3,4,4,1,1,False
178597005,FyroxEngine/Fyrox,Rust,2025-02,156,9,5,4,8,7,7,8,5,False
178597005,FyroxEngine/Fyrox,Rust,2025-03,126,3,0,3,19,19,17,3,4,False
178597005,FyroxEngine/Fyrox,Rust,2025-04,144,7,3,4,31,29,25,8,7,False
178597005,FyroxEngine/Fyrox,Rust,2025-05,89,6,0,6,8,11,8,1,12,False
178597005,FyroxEngine/Fyrox,Rust,2025-06,120,3,0,3,7,8,8,1,3,False
178597005,FyroxEngine/Fyrox,Rust,2025-07,97,4,1,3,2,2,2,8,4,False
178597005,FyroxEngine/Fyrox,Rust,2025-08,91,4,1,3,2,2,2,0,1,False
178597005,FyroxEngine/Fyrox,Rust,2025-09,91,7,2,5,10,9,7,7,5,False
178597005,FyroxEngine/Fyrox,Rust,2025-10,132,6,1,5,15,15,13,4,3,False
178597005,FyroxEngine/Fyrox,Rust,2025-11,135,4,0,4,4,5,5,4,5,False
178597005,FyroxEngine/Fyrox,Rust,2025-12,105,3,0,3,3,2,2,1,0,False
178597005,FyroxEngine/Fyrox,Rust,2026-01,106,4,0,4,2,2,2,3,2,False
178597005,FyroxEngine/Fyrox,Rust,2026-02,141,3,1,2,2,2,2,14,8,False
178597005,FyroxEngine/Fyrox,Rust,2026-03,87,2,0,2,0,0,0,2,2,False
178597005,FyroxEngine/Fyrox,Rust,2026-04,31,4,2,2,4,3,3,4,2,False
178597005,FyroxEngine/Fyrox,Rust,2026-05,53,4,1,3,4,2,2,1,2,False
178597005,FyroxEngine/Fyrox,Rust,2026-06,35,2,0,2,1,2,1,0,0,False
178597005,FyroxEngine/Fyrox,Rust,2026-07,44,3,1,2,4,5,1,1,0,False
178597005,FyroxEngine/Fyrox,Rust,2026-08,40,3,1,2,0,1,1,1,1,False
178597005,FyroxEngine/Fyrox,Rust,2026-09,13,1,0,1,0,0,0,0,1,True
337459381,Ugenteraan/Deep_Hierarchical_Classification,Python,2021-02,20,2,2,0,0,0,0,0,0,False
337459381,Ugenteraan/Deep_Hierarchical_Classification,Python,2021-03,0,0,0,0,0,0,0,0,0,False
337459381,Ugenteraan/Deep_Hierarchical_Classification,Python,2021-04,0,0,0,0,0,0,0,0,0,False
337459381,Ugenteraan/Deep_Hierarchical_Classification,Python,2021-05,0,0,0,0,0,0,0,0,0,False
337459381,Ugenteraan/Deep_Hierarchical_Classification,Python,2021-06,0,0,0,0,0,0,0,0,0,False
337459381,Ugenteraan/Deep_Hierarchical_Classification,Python,2021-07,0,0,0,0,0,0,0,0,0,False
337459381,Ugenteraan/Deep_Hierarchical_Classification,Python,2021-08,0,0,0,0,0,0,0,0,0,False
337459381,Ugenteraan/Deep_Hierarchical_Classification,Python,2021-09,0,0,0,0,0,0,0,0,0,False
337459381,Ugenteraan/Deep_Hierarchical_Classification,Python,2021-10,0,0,0,0,0,0,0,0,0,False
337459381,Ugenteraan/Deep_Hierarchical_Classification,Python,2021-11,0,0,0,0,0,0,0,0,0,False
337459381,Ugenteraan/Deep_Hierarchical_Classification,Python,2021-12,0,0,0,0,0,0,0,0,0,False
337459381,Ugenteraan/Deep_Hierarchical_Classification,Python,2022-01,3,2,0,2,1,1,1,1,1,False
337459381,Ugenteraan/Deep_Hierarchical_Classification,Python,2022-02,0,0,0,0,0,0,0,0,0,False
337459381,Ugenteraan/Deep_Hierarchical_Classification,Python,2022-03,0,0,0,0,0,0,0,0,0,False
337459381,Ugenteraan/Deep_Hierarchical_Classification,Python,2022-04,0,0,0,0,0,0,0,1,0,False
337459381,Ugenteraan/Deep_Hierarchical_Classification,Python,2022-05,0,0,0,0,0,0,0,1,1,False
337459381,Ugenteraan/Deep_Hierarchical_Classification,Python,2022-06,0,0,0,0,0,0,0,1,1,False
337459381,Ugenteraan/Deep_Hierarchical_Classification,Python,2022-07,0,0,0,0,0,0,0,0,1,False
337459381,Ugenteraan/Deep_Hierarchical_Classification,Python,2022-08,0,0,0,0,0,0,0,0,0,False
337459381,Ugenteraan/Deep_Hierarchical_Classification,Python,2022-09,0,0,0,0,0,0,0,0,0,False
337459381,Ugenteraan/Deep_Hierarchical_Classification,Python,2022-10,0,0,0,0,0,0,0,0,0,False
337459381,Ugenteraan/Deep_Hierarchical_Classification,Python,2022-11,0,0,0,0,0,0,0,0,0,False
337459381,Ugenteraan/Deep_Hierarchical_Classification,Python,2022-12,0,0,0,0,0,0,0,0,0,False
337459381,Ugenteraan/Deep_Hierarchical_Classification,Python,2023-01,0,0,0,0,0,0,0,1,0,False
337459381,Ugenteraan/Deep_Hierarchical_Classification,Python,2023-02,0,0,0,0,0,0,0,0,0,False
337459381,Ugenteraan/Deep_Hierarchical_Classification,Python,2023-03,0,0,0,0,0,0,0,0,0,False
337459381,Ugenteraan/Deep_Hierarchical_Classification,Python,2023-04,0,0,0,0,0,0,0,0,0,False
337459381,Ugenteraan/Deep_Hierarchical_Classification,Python,2023-05,0,0,0,0,0,0,0,1,0,False
337459381,Ugenteraan/Deep_Hierarchical_Classification,Python,2023-06,0,0,0,0,0,0,0,0,0,False
337459381,Ugenteraan/Deep_Hierarchical_Classification,Python,2023-07,0,0,0,0,0,0,0,1,0,False
337459381,Ugenteraan/Deep_Hierarchical_Classification,Python,2023-08,0,0,0,0,0,0,0,0,0,False
337459381,Ugenteraan/Deep_Hierarchical_Classification,Python,2023-09,0,0,0,0,0,0,0,0,0,False
337459381,Ugenteraan/Deep_Hierarchical_Classification,Python,2023-10,0,0,0,0,0,0,0,0,0,False
337459381,Ugenteraan/Deep_Hierarchical_Classification,Python,2023-11,0,0,0,0,0,0,0,0,0,False
337459381,Ugenteraan/Deep_Hierarchical_Classification,Python,2023-12,0,0,0,0,0,0,0,0,0,False
337459381,Ugenteraan/Deep_Hierarchical_Classification,Python,2024-01,0,0,0,0,0,0,0,0,0,False
337459381,Ugenteraan/Deep_Hierarchical_Classification,Python,2024-02,0,0,0,0,0,0,0,0,0,False
337459381,Ugenteraan/Deep_Hierarchical_Classification,Python,2024-03,0,0,0,0,0,0,0,0,0,False
337459381,Ugenteraan/Deep_Hierarchical_Classification,Python,2024-04,0,0,0,0,0,0,0,0,0,False
337459381,Ugenteraan/Deep_Hierarchical_Classification,Python,2024-05,0,0,0,0,0,0,0,0,0,False
337459381,Ugenteraan/Deep_Hierarchical_Classification,Python,2024-06,0,0,0,0,0,0,0,0,0,False
337459381,Ugenteraan/Deep_Hierarchical_Classification,Python,2024-07,0,0,0,0,0,0,0,0,0,False
337459381,Ugenteraan/Deep_Hierarchical_Classification,Python,2024-08,0,0,0,0,0,0,0,0,0,False
337459381,Ugenteraan/Deep_Hierarchical_Classification,Python,2024-09,0,0,0,0,0,0,0,0,0,False
337459381,Ugenteraan/Deep_Hierarchical_Classification,Python,2024-10,0,0,0,0,0,0,0,0,0,False
337459381,Ugenteraan/Deep_Hierarchical_Classification,Python,2024-11,0,0,0,0,0,0,0,0,0,False
337459381,Ugenteraan/Deep_Hierarchical_Classification,Python,2024-12,0,0,0,0,0,0,0,0,0,False
337459381,Ugenteraan/Deep_Hierarchical_Classification,Python,2025-01,0,0,0,0,0,0,0,0,0,False
337459381,Ugenteraan/Deep_Hierarchical_Classification,Python,2025-02,0,0,0,0,0,0,0,0,0,False
337459381,Ugenteraan/Deep_Hierarchical_Classification,Python,2025-03,0,0,0,0,0,0,0,0,0,False
337459381,Ugenteraan/Deep_Hierarchical_Classification,Python,2025-04,0,0,0,0,0,0,0,0,0,False
337459381,Ugenteraan/Deep_Hierarchical_Classification,Python,2025-05,0,0,0,0,0,0,0,0,0,False
337459381,Ugenteraan/Deep_Hierarchical_Classification,Python,2025-06,0,0,0,0,0,0,0,0,0,False
337459381,Ugenteraan/Deep_Hierarchical_Classification,Python,2025-07,0,0,0,0,0,0,0,0,0,False
337459381,Ugenteraan/Deep_Hierarchical_Classification,Python,2025-08,0,0,0,0,0,0,0,0,0,False
337459381,Ugenteraan/Deep_Hierarchical_Classification,Python,2025-09,0,0,0,0,0,0,0,0,0,False
337459381,Ugenteraan/Deep_Hierarchical_Classification,Python,2025-10,0,0,0,0,0,0,0,0,0,False
337459381,Ugenteraan/Deep_Hierarchical_Classification,Python,2025-11,0,0,0,0,0,0,0,0,0,False
337459381,Ugenteraan/Deep_Hierarchical_Classification,Python,2025-12,0,0,0,0,0,0,0,0,0,False
337459381,Ugenteraan/Deep_Hierarchical_Classification,Python,2026-01,0,0,0,0,0,0,0,0,0,False
337459381,Ugenteraan/Deep_Hierarchical_Classification,Python,2026-02,0,0,0,0,0,0,0,0,0,False
337459381,Ugenteraan/Deep_Hierarchical_Classification,Python,2026-03,0,0,0,0,0,0,0,0,0,False
337459381,Ugenteraan/Deep_Hierarchical_Classification,Python,2026-04,0,0,0,0,0,0,0,0,0,False
337459381,Ugenteraan/Deep_Hierarchical_Classification,Python,2026-05,0,0,0,0,0,0,0,0,0,False
337459381,Ugenteraan/Deep_Hierarchical_Classification,Python,2026-06,0,0,0,0,0,0,0,0,0,False
337459381,Ugenteraan/Deep_Hierarchical_Classification,Python,2026-07,0,0,0,0,0,0,0,0,0,False
337459381,Ugenteraan/Deep_Hierarchical_Classification,Python,2026-08,0,0,0,0,0,0,0,0,0,False
337459381,Ugenteraan/Deep_Hierarchical_Classification,Python,2026-09,0,0,0,0,0,0,0,0,0,True
762147600,SquirrelCorporation/SquirrelServersManager,TypeScript,2024-02,16,2,2,0,0,0,0,0,0,False
762147600,SquirrelCorporation/SquirrelServersManager,TypeScript,2024-03,47,1,0,1,0,0,0,0,0,False
762147600,SquirrelCorporation/SquirrelServersManager,TypeScript,2024-04,27,1,0,1,2,1,0,0,0,False
762147600,SquirrelCorporation/SquirrelServersManager,TypeScript,2024-05,32,3,2,1,5,6,1,1,0,False
762147600,SquirrelCorporation/SquirrelServersManager,TypeScript,2024-06,106,6,4,2,23,22,19,11,8,False
762147600,SquirrelCorporation/SquirrelServersManager,TypeScript,2024-07,194,4,1,3,56,43,40,31,15,False
762147600,SquirrelCorporation/SquirrelServersManager,TypeScript,2024-08,346,6,2,4,90,102,89,14,16,False
762147600,SquirrelCorporation/SquirrelServersManager,TypeScript,2024-09,170,4,1,3,67,66,54,9,9,False
762147600,SquirrelCorporation/SquirrelServersManager,TypeScript,2024-10,212,4,1,3,78,79,57,17,8,False
762147600,SquirrelCorporation/SquirrelServersManager,TypeScript,2024-11,250,3,0,3,102,102,92,8,17,False
762147600,SquirrelCorporation/SquirrelServersManager,TypeScript,2024-12,123,3,0,3,67,67,47,12,9,False
762147600,SquirrelCorporation/SquirrelServersManager,TypeScript,2025-01,116,3,0,3,65,65,42,4,2,False
762147600,SquirrelCorporation/SquirrelServersManager,TypeScript,2025-02,224,3,0,3,84,82,68,21,15,False
762147600,SquirrelCorporation/SquirrelServersManager,TypeScript,2025-03,2,1,0,1,47,27,0,2,0,False
762147600,SquirrelCorporation/SquirrelServersManager,TypeScript,2025-04,80,4,1,3,40,59,32,1,1,False
762147600,SquirrelCorporation/SquirrelServersManager,TypeScript,2025-05,127,4,2,2,79,67,60,10,9,False
762147600,SquirrelCorporation/SquirrelServersManager,TypeScript,2025-06,32,3,0,3,46,41,13,1,1,False
762147600,SquirrelCorporation/SquirrelServersManager,TypeScript,2025-07,28,4,1,3,26,25,11,0,0,False
762147600,SquirrelCorporation/SquirrelServersManager,TypeScript,2025-08,1,1,0,1,17,14,0,1,0,False
762147600,SquirrelCorporation/SquirrelServersManager,TypeScript,2025-09,5,1,0,1,22,23,4,0,0,False
762147600,SquirrelCorporation/SquirrelServersManager,TypeScript,2025-10,8,1,0,1,15,16,4,0,0,False
762147600,SquirrelCorporation/SquirrelServersManager,TypeScript,2025-11,4,1,0,1,5,4,0,2,1,False
762147600,SquirrelCorporation/SquirrelServersManager,TypeScript,2025-12,0,0,0,0,0,0,0,0,0,False
762147600,SquirrelCorporation/SquirrelServersManager,TypeScript,2026-01,0,0,0,0,0,0,0,1,0,False
762147600,SquirrelCorporation/SquirrelServersManager,TypeScript,2026-02,0,0,0,0,0,0,0,0,0,False
762147600,SquirrelCorporation/SquirrelServersManager,TypeScript,2026-03,0,0,0,0,0,0,0,0,0,False
762147600,SquirrelCorporation/SquirrelServersManager,TypeScript,2026-04,0,0,0,0,0,0,0,0,0,False
762147600,SquirrelCorporation/SquirrelServersManager,TypeScript,2026-05,0,0,0,0,0,0,0,0,0,False
762147600,SquirrelCorporation/SquirrelServersManager,TypeScript,2026-06,0,0,0,0,0,0,0,0,0,False
762147600,SquirrelCorporation/SquirrelServersManager,TypeScript,2026-07,0,0,0,0,0,0,0,0,0,False
762147600,SquirrelCorporation/SquirrelServersManager,TypeScript,2026-08,0,0,0,0,0,0,0,0,0,False
762147600,SquirrelCorporation/SquirrelServersManager,TypeScript,2026-09,0,0,0,0,0,0,0,0,0,True
