repo_id,full_name,language,observation_month,inactive_within_12m
7905539,koral--/android-gif-drawable,Java,2013-01,0
7905539,koral--/android-gif-drawable,Java,2013-02,0
7905539,koral--/android-gif-drawable,Java,2013-03,0
7905539,koral--/android-gif-drawable,Java,2013-04,0
7905539,koral--/android-gif-drawable,Java,2013-05,0
7905539,koral--/android-gif-drawable,Java,2013-06,0
7905539,koral--/android-gif-drawable,Java,2013-07,0
7905539,koral--/android-gif-drawable,Java,2013-08,0
7905539,koral--/android-gif-drawable,Java,2013-09,0
7905539,koral--/android-gif-drawable,Java,2013-10,0
7905539,koral--/android-gif-drawable,Java,2013-11,0
7905539,koral--/android-gif-drawable,Java,2013-12,0
7905539,koral--/android-gif-drawable,Java,2014-01,0
7905539,koral--/android-gif-drawable,Java,2014-02,0
7905539,koral--/android-gif-drawable,Java,2014-03,0
7905539,koral--/android-gif-drawable,Java,2014-04,0
7905539,koral--/android-gif-drawable,Java,2014-05,0
7905539,koral--/android-gif-drawable,Java,2014-06,0
7905539,koral--/android-gif-drawable,Java,2014-07,0
7905539,koral--/android-gif-drawable,Java,2014-08,0
7905539,koral--/android-gif-drawable,Java,2014-09,0
7905539,koral--/android-gif-drawable,Java,2014-10,0
7905539,koral--/android-gif-drawable,Java,2014-11,0
7905539,koral--/android-gif-drawable,Java,2014-12,0
7905539,koral--/android-gif-drawable,Java,2015-01,0
7905539,koral--/android-gif-drawable,Java,2015-02,0
7905539,koral--/android-gif-drawable,Java,2015-03,0
7905539,koral--/android-gif-drawable,Java,2015-04,0
7905539,koral--/android-gif-drawable,Java,2015-05,0
7905539,koral--/android-gif-drawable,Java,2015-06,0
7905539,koral--/android-gif-drawable,Java,2015-07,0
7905539,koral--/android-gif-drawable,Java,2015-08,0
7905539,koral--/android-gif-drawable,Java,2015-09,0
7905539,koral--/android-gif-drawable,Java,2015-10,0
7905539,koral--/android-gif-drawable,Java,2015-11,0
7905539,koral--/android-gif-drawable,Java,2015-12,0
7905539,koral--/android-gif-drawable,Java,2016-01,0
7905539,koral--/android-gif-drawable,Java,2016-02,0
7905539,koral--/android-gif-drawable,Java,2016-03,0
7905539,koral--/android-gif-drawable,Java,2016-04,0
7905539,koral--/android-gif-drawable,Java,2016-05,0
7905539,koral--/android-gif-drawable,Java,2016-06,0
7905539,koral--/android-gif-drawable,Java,2016-07,0
7905539,koral--/android-gif-drawable,Java,2016-08,0
7905539,koral--/android-gif-drawable,Java,2016-09,0
7905539,koral--/android-gif-drawable,Java,2016-10,0
7905539,koral--/android-gif-drawable,Java,2016-11,0
7905539,koral--/android-gif-drawable,Java,2016-12,0
7905539,koral--/android-gif-drawable,Java,2017-01,0
7905539,koral--/android-gif-drawable,Java,2017-02,0
7905539,koral--/android-gif-drawable,Java,2017-03,0
7905539,koral--/android-gif-drawable,Java,2017-04,0
7905539,koral--/android-gif-drawable,Java,2017-05,0
7905539,koral--/android-gif-drawable,Java,2017-06,0
7905539,koral--/android-gif-drawable,Java,2017-07,0
7905539,koral--/android-gif-drawable,Java,2017-08,0
7905539,koral--/android-gif-drawable,Java,2017-09,0
7905539,koral--/android-gif-drawable,Java,2017-10,0
7905539,koral--/android-gif-drawable,Java,2017-11,0
7905539,koral--/android-gif-drawable,Java,2017-12,0
7905539,koral--/android-gif-drawable,Java,2018-01,0
7905539,koral--/android-gif-drawable,Java,2018-02,0
7905539,koral--/android-gif-drawable,Java,2018-03,0
7905539,koral--/android-gif-drawable,Java,2018-04,0
7905539,koral--/android-gif-drawable,Java,2018-05,0
7905539,koral--/android-gif-drawable,Java,2018-06,0
7905539,koral--/android-gif-drawable,Java,2018-07,0
7905539,koral--/android-gif-drawable,Java,2018-08,0
7905539,koral--/android-gif-drawable,Java,2018-09,0
7905539,koral--/android-gif-drawable,Java,2018-10,0
7905539,koral--/android-gif-drawable,Java,2018-11,0
7905539,koral--/android-gif-drawable,Java,2018-12,0
7905539,koral--/android-gif-drawable,Java,2019-01,0
7905539,koral--/android-gif-drawable,Java,2019-02,0
7905539,koral--/android-gif-drawable,Java,2019-03,0
7905539,koral--/android-gif-drawable,Java,2019-04,0
7905539,koral--/android-gif-drawable,Java,2019-05,0
7905539,koral--/android-gif-drawable,Java,2019-06,0
7905539,koral--/android-gif-drawable,Java,2019-07,0
7905539,koral--/android-gif-drawable,Java,2019-08,0
7905539,koral--/android-gif-drawable,Java,2019-09,0
7905539,koral--/android-gif-drawable,Java,2019-10,0
7905539,koral--/android-gif-drawable,Java,2019-11,0
7905539,koral--/android-gif-drawable,Java,2019-12,0
7905539,koral--/android-gif-drawable,Java,2020-01,0
7905539,koral--/android-gif-drawable,Java,2020-02,0
7905539,koral--/android-gif-drawable,Java,2020-03,0
7905539,koral--/android-gif-drawable,Java,2020-04,0
7905539,koral--/android-gif-drawable,Java,2020-05,0
7905539,koral--/android-gif-drawable,Java,2020-06,0
7905539,koral--/android-gif-drawable,Java,2020-07,0
7905539,koral--/android-gif-drawable,Java,2020-08,0
7905539,koral--/android-gif-drawable,Java,2020-09,0
7905539,koral--/android-gif-drawable,Java,2020-10,0
7905539,koral--/android-gif-drawable,Java,2020-11,0
7905539,koral--/android-gif-drawable,Java,2020-12,0
7905539,koral--/android-gif-drawable,Java,2021-01,0
7905539,koral--/android-gif-drawable,Java,2021-02,0
7905539,koral--/android-gif-drawable,Java,2021-03,0
7905539,koral--/android-gif-drawable,Java,2021-04,0
7905539,koral--/android-gif-drawable,Java,2021-05,0
7905539,koral--/android-gif-drawable,Java,2021-06,0
7905539,koral--/android-gif-drawable,Java,2021-07,0
7905539,koral--/android-gif-drawable,Java,2021-08,0
7905539,koral--/android-gif-drawable,Java,2021-09,0
7905539,koral--/android-gif-drawable,Java,2021-10,0
7905539,koral--/android-gif-drawable,Java,2021-11,0
7905539,koral--/android-gif-drawable,Java,2021-12,0
7905539,koral--/android-gif-drawable,Java,2022-01,0
7905539,koral--/android-gif-drawable,Java,2022-02,0
7905539,koral--/android-gif-drawable,Java,2022-03,0
7905539,koral--/android-gif-drawable,Java,2022-04,0
7905539,koral--/android-gif-drawable,Java,2022-05,0
7905539,koral--/android-gif-drawable,Java,2022-06,0
7905539,koral--/android-gif-drawable,Java,2022-07,0
7905539,koral--/android-gif-drawable,Java,2022-08,0
7905539,koral--/android-gif-drawable,Java,2022-09,0
7905539,koral--/android-gif-drawable,Java,2022-10,0
7905539,koral--/android-gif-drawable,Java,2022-11,0
7905539,koral--/android-gif-drawable,Java,2022-12,0
7905539,koral--/android-gif-drawable,Java,2023-01,0
7905539,koral--/android-gif-drawable,Java,2023-02,0
7905539,koral--/android-gif-drawable,Java,2023-03,0
7905539,koral--/android-gif-drawable,Java,2023-04,0
7905539,koral--/android-gif-drawable,Java,2023-05,0
7905539,koral--/android-gif-drawable,Java,2023-06,0
7905539,koral--/android-gif-drawable,Java,2023-07,0
7905539,koral--/android-gif-drawable,Java,2023-08,0
7905539,koral--/android-gif-drawable,Java,2023-09,0
7905539,koral--/android-gif-drawable,Java,2023-10,0
7905539,koral--/android-gif-drawable,Java,2023-11,0
7905539,koral--/android-gif-drawable,Java,2023-12,0
7905539,koral--/android-gif-drawable,Java,2024-01,0
7905539,koral--/android-gif-drawable,Java,2024-02,0
7905539,koral--/android-gif-drawable,Java,2024-03,0
7905539,koral--/android-gif-drawable,Java,2024-04,0
7905539,koral--/android-gif-drawable,Java,2024-05,0
7905539,koral--/android-gif-drawable,Java,2024-06,0
7905539,koral--/android-gif-drawable,Java,2024-07,0
7905539,koral--/android-gif-drawable,Java,2024-08,0
7905539,koral--/android-gif-drawable,Java,2024-09,0
7905539,koral--/android-gif-drawable,Java,2024-10,0
7905539,koral--/android-gif-drawable,Java,2024-11,0
7905539,koral--/android-gif-drawable,Java,2024-12,0
7905539,koral--/android-gif-drawable,Java,2025-01,0
7905539,koral--/android-gif-drawable,Java,2025-02,0
7905539,koral--/android-gif-drawable,Java,2025-03,0
7905539,koral--/android-gif-drawable,Java,2025-04,0
7905539,koral--/android-gif-drawable,Java,2025-05,0
7905539,koral--/android-gif-drawable,Java,2025-06,0
7905539,koral--/android-gif-drawable,Java,2025-07,0
7905539,koral--/android-gif-drawable,Java,2025-08,0
10270250,react/react,JavaScript,2013-05,0
10270250,react/react,JavaScript,2013-06,0
10270250,react/react,JavaScript,2013-07,0
10270250,react/react,JavaScript,2013-08,0
10270250,react/react,JavaScript,2013-09,0
10270250,react/react,JavaScript,2013-10,0
10270250,react/react,JavaScript,2013-11,0
10270250,react/react,JavaScript,2013-12,0
10270250,react/react,JavaScript,2014-01,0
10270250,react/react,JavaScript,2014-02,0
10270250,react/react,JavaScript,2014-03,0
10270250,react/react,JavaScript,2014-04,0
10270250,react/react,JavaScript,2014-05,0
10270250,react/react,JavaScript,2014-06,0
10270250,react/react,JavaScript,2014-07,0
10270250,react/react,JavaScript,2014-08,0
10270250,react/react,JavaScript,2014-09,0
10270250,react/react,JavaScript,2014-10,0
10270250,react/react,JavaScript,2014-11,0
10270250,react/react,JavaScript,2014-12,0
10270250,react/react,JavaScript,2015-01,0
10270250,react/react,JavaScript,2015-02,0
10270250,react/react,JavaScript,2015-03,0
10270250,react/react,JavaScript,2015-04,0
10270250,react/react,JavaScript,2015-05,0
10270250,react/react,JavaScript,2015-06,0
10270250,react/react,JavaScript,2015-07,0
10270250,react/react,JavaScript,2015-08,0
10270250,react/react,JavaScript,2015-09,0
10270250,react/react,JavaScript,2015-10,0
10270250,react/react,JavaScript,2015-11,0
10270250,react/react,JavaScript,2015-12,0
10270250,react/react,JavaScript,2016-01,0
10270250,react/react,JavaScript,2016-02,0
10270250,react/react,JavaScript,2016-03,0
10270250,react/react,JavaScript,2016-04,0
10270250,react/react,JavaScript,2016-05,0
10270250,react/react,JavaScript,2016-06,0
10270250,react/react,JavaScript,2016-07,0
10270250,react/react,JavaScript,2016-08,0
10270250,react/react,JavaScript,2016-09,0
10270250,react/react,JavaScript,2016-10,0
10270250,react/react,JavaScript,2016-11,0
10270250,react/react,JavaScript,2016-12,0
10270250,react/react,JavaScript,2017-01,0
10270250,react/react,JavaScript,2017-02,0
10270250,react/react,JavaScript,2017-03,0
10270250,react/react,JavaScript,2017-04,0
10270250,react/react,JavaScript,2017-05,0
10270250,react/react,JavaScript,2017-06,0
10270250,react/react,JavaScript,2017-07,0
10270250,react/react,JavaScript,2017-08,0
10270250,react/react,JavaScript,2017-09,0
10270250,react/react,JavaScript,2017-10,0
10270250,react/react,JavaScript,2017-11,0
10270250,react/react,JavaScript,2017-12,0
10270250,react/react,JavaScript,2018-01,0
10270250,react/react,JavaScript,2018-02,0
10270250,react/react,JavaScript,2018-03,0
10270250,react/react,JavaScript,2018-04,0
10270250,react/react,JavaScript,2018-05,0
10270250,react/react,JavaScript,2018-06,0
10270250,react/react,JavaScript,2018-07,0
10270250,react/react,JavaScript,2018-08,0
10270250,react/react,JavaScript,2018-09,0
10270250,react/react,JavaScript,2018-10,0
10270250,react/react,JavaScript,2018-11,0
10270250,react/react,JavaScript,2018-12,0
10270250,react/react,JavaScript,2019-01,0
10270250,react/react,JavaScript,2019-02,0
10270250,react/react,JavaScript,2019-03,0
10270250,react/react,JavaScript,2019-04,0
10270250,react/react,JavaScript,2019-05,0
10270250,react/react,JavaScript,2019-06,0
10270250,react/react,JavaScript,2019-07,0
10270250,react/react,JavaScript,2019-08,0
10270250,react/react,JavaScript,2019-09,0
10270250,react/react,JavaScript,2019-10,0
10270250,react/react,JavaScript,2019-11,0
10270250,react/react,JavaScript,2019-12,0
10270250,react/react,JavaScript,2020-01,0
10270250,react/react,JavaScript,2020-02,0
10270250,react/react,JavaScript,2020-03,0
10270250,react/react,JavaScript,2020-04,0
10270250,react/react,JavaScript,2020-05,0
10270250,react/react,JavaScript,2020-06,0
10270250,react/react,JavaScript,2020-07,0
10270250,react/react,JavaScript,2020-08,0
10270250,react/react,JavaScript,2020-09,0
10270250,react/react,JavaScript,2020-10,0
10270250,react/react,JavaScript,2020-11,0
10270250,react/react,JavaScript,2020-12,0
10270250,react/react,JavaScript,2021-01,0
10270250,react/react,JavaScript,2021-02,0
10270250,react/react,JavaScript,2021-03,0
10270250,react/react,JavaScript,2021-04,0
10270250,react/react,JavaScript,2021-05,0
10270250,react/react,JavaScript,2021-06,0
10270250,react/react,JavaScript,2021-07,0
10270250,react/react,JavaScript,2021-08,0
10270250,react/react,JavaScript,2021-09,0
10270250,react/react,JavaScript,2021-10,0
10270250,react/react,JavaScript,2021-11,0
10270250,react/react,JavaScript,2021-12,0
10270250,react/react,JavaScript,2022-01,0
10270250,react/react,JavaScript,2022-02,0
10270250,react/react,JavaScript,2022-03,0
10270250,react/react,JavaScript,2022-04,0
10270250,react/react,JavaScript,2022-05,0
10270250,react/react,JavaScript,2022-06,0
10270250,react/react,JavaScript,2022-07,0
10270250,react/react,JavaScript,2022-08,0
10270250,react/react,JavaScript,2022-09,0
10270250,react/react,JavaScript,2022-10,0
10270250,react/react,JavaScript,2022-11,0
10270250,react/react,JavaScript,2022-12,0
10270250,react/react,JavaScript,2023-01,0
10270250,react/react,JavaScript,2023-02,0
10270250,react/react,JavaScript,2023-03,0
10270250,react/react,JavaScript,2023-04,0
10270250,react/react,JavaScript,2023-05,0
10270250,react/react,JavaScript,2023-06,0
10270250,react/react,JavaScript,2023-07,0
10270250,react/react,JavaScript,2023-08,0
10270250,react/react,JavaScript,2023-09,0
10270250,react/react,JavaScript,2023-10,0
10270250,react/react,JavaScript,2023-11,0
10270250,react/react,JavaScript,2023-12,0
10270250,react/react,JavaScript,2024-01,0
10270250,react/react,JavaScript,2024-02,0
10270250,react/react,JavaScript,2024-03,0
10270250,react/react,JavaScript,2024-04,0
10270250,react/react,JavaScript,2024-05,0
10270250,react/react,JavaScript,2024-06,0
10270250,react/react,JavaScript,2024-07,0
10270250,react/react,JavaScript,2024-08,0
10270250,react/react,JavaScript,2024-09,0
10270250,react/react,JavaScript,2024-10,0
10270250,react/react,JavaScript,2024-11,0
10270250,react/react,JavaScript,2024-12,0
10270250,react/react,JavaScript,2025-01,0
10270250,react/react,JavaScript,2025-02,0
10270250,react/react,JavaScript,2025-03,0
10270250,react/react,JavaScript,2025-04,0
10270250,react/react,JavaScript,2025-05,0
10270250,react/react,JavaScript,2025-06,0
10270250,react/react,JavaScript,2025-07,0
10270250,react/react,JavaScript,2025-08,0
11730342,vuejs/vue,TypeScript,2013-07,0
11730342,vuejs/vue,TypeScript,2013-08,0
11730342,vuejs/vue,TypeScript,2013-09,0
11730342,vuejs/vue,TypeScript,2013-10,0
11730342,vuejs/vue,TypeScript,2013-11,0
11730342,vuejs/vue,TypeScript,2013-12,0
11730342,vuejs/vue,TypeScript,2014-01,0
11730342,vuejs/vue,TypeScript,2014-02,0
11730342,vuejs/vue,TypeScript,2014-03,0
11730342,vuejs/vue,TypeScript,2014-04,0
11730342,vuejs/vue,TypeScript,2014-05,0
11730342,vuejs/vue,TypeScript,2014-06,0
11730342,vuejs/vue,TypeScript,2014-07,0
11730342,vuejs/vue,TypeScript,2014-08,0
11730342,vuejs/vue,TypeScript,2014-09,0
11730342,vuejs/vue,TypeScript,2014-10,0
11730342,vuejs/vue,TypeScript,2014-11,0
11730342,vuejs/vue,TypeScript,2014-12,0
11730342,vuejs/vue,TypeScript,2015-01,0
11730342,vuejs/vue,TypeScript,2015-02,0
11730342,vuejs/vue,TypeScript,2015-03,0
11730342,vuejs/vue,TypeScript,2015-04,0
11730342,vuejs/vue,TypeScript,2015-05,0
11730342,vuejs/vue,TypeScript,2015-06,0
11730342,vuejs/vue,TypeScript,2015-07,0
11730342,vuejs/vue,TypeScript,2015-08,0
11730342,vuejs/vue,TypeScript,2015-09,0
11730342,vuejs/vue,TypeScript,2015-10,0
11730342,vuejs/vue,TypeScript,2015-11,0
11730342,vuejs/vue,TypeScript,2015-12,0
11730342,vuejs/vue,TypeScript,2016-01,0
11730342,vuejs/vue,TypeScript,2016-02,0
11730342,vuejs/vue,TypeScript,2016-03,0
11730342,vuejs/vue,TypeScript,2016-04,0
11730342,vuejs/vue,TypeScript,2016-05,0
11730342,vuejs/vue,TypeScript,2016-06,0
11730342,vuejs/vue,TypeScript,2016-07,0
11730342,vuejs/vue,TypeScript,2016-08,0
11730342,vuejs/vue,TypeScript,2016-09,0
11730342,vuejs/vue,TypeScript,2016-10,0
11730342,vuejs/vue,TypeScript,2016-11,0
11730342,vuejs/vue,TypeScript,2016-12,0
11730342,vuejs/vue,TypeScript,2017-01,0
11730342,vuejs/vue,TypeScript,2017-02,0
11730342,vuejs/vue,TypeScript,2017-03,0
11730342,vuejs/vue,TypeScript,2017-04,0
11730342,vuejs/vue,TypeScript,2017-05,0
11730342,vuejs/vue,TypeScript,2017-06,0
11730342,vuejs/vue,TypeScript,2017-07,0
11730342,vuejs/vue,TypeScript,2017-08,0
11730342,vuejs/vue,TypeScript,2017-09,0
11730342,vuejs/vue,TypeScript,2017-10,0
11730342,vuejs/vue,TypeScript,2017-11,0
11730342,vuejs/vue,TypeScript,2017-12,0
11730342,vuejs/vue,TypeScript,2018-01,0
11730342,vuejs/vue,TypeScript,2018-02,0
11730342,vuejs/vue,TypeScript,2018-03,0
11730342,vuejs/vue,TypeScript,2018-04,0
11730342,vuejs/vue,TypeScript,2018-05,0
11730342,vuejs/vue,TypeScript,2018-06,0
11730342,vuejs/vue,TypeScript,2018-07,0
11730342,vuejs/vue,TypeScript,2018-08,0
11730342,vuejs/vue,TypeScript,2018-09,0
11730342,vuejs/vue,TypeScript,2018-10,0
11730342,vuejs/vue,TypeScript,2018-11,0
11730342,vuejs/vue,TypeScript,2018-12,0
11730342,vuejs/vue,TypeScript,2019-01,0
11730342,vuejs/vue,TypeScript,2019-02,0
11730342,vuejs/vue,TypeScript,2019-03,0
11730342,vuejs/vue,TypeScript,2019-04,0
11730342,vuejs/vue,TypeScript,2019-05,0
11730342,vuejs/vue,TypeScript,2019-06,0
11730342,vuejs/vue,TypeScript,2019-07,0
11730342,vuejs/vue,TypeScript,2019-08,0
11730342,vuejs/vue,TypeScript,2019-09,0
11730342,vuejs/vue,TypeScript,2019-10,0
11730342,vuejs/vue,TypeScript,2019-11,0
11730342,vuejs/vue,TypeScript,2019-12,0
11730342,vuejs/vue,TypeScript,2020-01,0
11730342,vuejs/vue,TypeScript,2020-02,0
11730342,vuejs/vue,TypeScript,2020-03,0
11730342,vuejs/vue,TypeScript,2020-04,0
11730342,vuejs/vue,TypeScript,2020-05,0
11730342,vuejs/vue,TypeScript,2020-06,0
11730342,vuejs/vue,TypeScript,2020-07,0
11730342,vuejs/vue,TypeScript,2020-08,0
11730342,vuejs/vue,TypeScript,2020-09,0
11730342,vuejs/vue,TypeScript,2020-10,0
11730342,vuejs/vue,TypeScript,2020-11,0
11730342,vuejs/vue,TypeScript,2020-12,0
11730342,vuejs/vue,TypeScript,2021-01,0
11730342,vuejs/vue,TypeScript,2021-02,0
11730342,vuejs/vue,TypeScript,2021-03,0
11730342,vuejs/vue,TypeScript,2021-04,0
11730342,vuejs/vue,TypeScript,2021-05,0
11730342,vuejs/vue,TypeScript,2021-06,0
11730342,vuejs/vue,TypeScript,2021-07,0
11730342,vuejs/vue,TypeScript,2021-08,0
11730342,vuejs/vue,TypeScript,2021-09,0
11730342,vuejs/vue,TypeScript,2021-10,0
11730342,vuejs/vue,TypeScript,2021-11,0
11730342,vuejs/vue,TypeScript,2021-12,0
11730342,vuejs/vue,TypeScript,2022-01,0
11730342,vuejs/vue,TypeScript,2022-02,0
11730342,vuejs/vue,TypeScript,2022-03,0
11730342,vuejs/vue,TypeScript,2022-04,0
11730342,vuejs/vue,TypeScript,2022-05,0
11730342,vuejs/vue,TypeScript,2022-06,0
11730342,vuejs/vue,TypeScript,2022-07,0
11730342,vuejs/vue,TypeScript,2022-08,0
11730342,vuejs/vue,TypeScript,2022-09,0
11730342,vuejs/vue,TypeScript,2022-10,0
11730342,vuejs/vue,TypeScript,2022-11,0
11730342,vuejs/vue,TypeScript,2022-12,0
11730342,vuejs/vue,TypeScript,2023-01,0
11730342,vuejs/vue,TypeScript,2023-02,0
11730342,vuejs/vue,TypeScript,2023-03,0
11730342,vuejs/vue,TypeScript,2023-04,0
11730342,vuejs/vue,TypeScript,2023-05,0
11730342,vuejs/vue,TypeScript,2023-06,0
11730342,vuejs/vue,TypeScript,2023-07,0
11730342,vuejs/vue,TypeScript,2023-08,0
11730342,vuejs/vue,TypeScript,2023-09,0
11730342,vuejs/vue,TypeScript,2023-10,0
11730342,vuejs/vue,TypeScript,2023-11,0
11730342,vuejs/vue,TypeScript,2023-12,0
11730342,vuejs/vue,TypeScript,2024-01,0
11730342,vuejs/vue,TypeScript,2024-02,0
11730342,vuejs/vue,TypeScript,2024-03,0
11730342,vuejs/vue,TypeScript,2024-04,0
11730342,vuejs/vue,TypeScript,2024-05,0
11730342,vuejs/vue,TypeScript,2024-06,0
11730342,vuejs/vue,TypeScript,2024-07,0
11730342,vuejs/vue,TypeScript,2024-08,0
11730342,vuejs/vue,TypeScript,2024-09,0
11730342,vuejs/vue,TypeScript,2024-10,0
11730342,vuejs/vue,TypeScript,2024-11,0
11730342,vuejs/vue,TypeScript,2024-12,0
11730342,vuejs/vue,TypeScript,2025-01,0
11730342,vuejs/vue,TypeScript,2025-02,0
11730342,vuejs/vue,TypeScript,2025-03,0
11730342,vuejs/vue,TypeScript,2025-04,0
11730342,vuejs/vue,TypeScript,2025-05,0
11730342,vuejs/vue,TypeScript,2025-06,0
11730342,vuejs/vue,TypeScript,2025-07,0
11730342,vuejs/vue,TypeScript,2025-08,0
33340924,blakemcbride/eclipse-lisp,C,2015-04,1
33340924,blakemcbride/eclipse-lisp,C,2015-05,1
33340924,blakemcbride/eclipse-lisp,C,2015-06,1
33340924,blakemcbride/eclipse-lisp,C,2015-07,1
33340924,blakemcbride/eclipse-lisp,C,2015-08,1
33340924,blakemcbride/eclipse-lisp,C,2015-09,1
33340924,blakemcbride/eclipse-lisp,C,2015-10,1
33340924,blakemcbride/eclipse-lisp,C,2015-11,1
33340924,blakemcbride/eclipse-lisp,C,2015-12,1
33340924,blakemcbride/eclipse-lisp,C,2016-01,1
33340924,blakemcbride/eclipse-lisp,C,2016-02,1
33340924,blakemcbride/eclipse-lisp,C,2016-03,1
33340924,blakemcbride/eclipse-lisp,C,2016-04,0
33340924,blakemcbride/eclipse-lisp,C,2016-05,0
33340924,blakemcbride/eclipse-lisp,C,2016-06,0
33340924,blakemcbride/eclipse-lisp,C,2016-07,0
33340924,blakemcbride/eclipse-lisp,C,2016-08,0
33340924,blakemcbride/eclipse-lisp,C,2016-09,0
33340924,blakemcbride/eclipse-lisp,C,2016-10,0
33340924,blakemcbride/eclipse-lisp,C,2016-11,0
33340924,blakemcbride/eclipse-lisp,C,2016-12,0
33340924,blakemcbride/eclipse-lisp,C,2017-01,0
33340924,blakemcbride/eclipse-lisp,C,2017-02,0
33340924,blakemcbride/eclipse-lisp,C,2017-03,0
33340924,blakemcbride/eclipse-lisp,C,2017-04,0
33340924,blakemcbride/eclipse-lisp,C,2017-05,0
33340924,blakemcbride/eclipse-lisp,C,2017-06,0
33340924,blakemcbride/eclipse-lisp,C,2017-07,0
33340924,blakemcbride/eclipse-lisp,C,2017-08,0
33340924,blakemcbride/eclipse-lisp,C,2017-09,0
33340924,blakemcbride/eclipse-lisp,C,2017-10,0
33340924,blakemcbride/eclipse-lisp,C,2017-11,0
33340924,blakemcbride/eclipse-lisp,C,2017-12,0
33340924,blakemcbride/eclipse-lisp,C,2018-01,0
33340924,blakemcbride/eclipse-lisp,C,2018-02,0
33340924,blakemcbride/eclipse-lisp,C,2018-03,0
33340924,blakemcbride/eclipse-lisp,C,2018-04,0
33340924,blakemcbride/eclipse-lisp,C,2018-05,0
33340924,blakemcbride/eclipse-lisp,C,2018-06,0
33340924,blakemcbride/eclipse-lisp,C,2018-07,0
33340924,blakemcbride/eclipse-lisp,C,2018-08,0
33340924,blakemcbride/eclipse-lisp,C,2018-09,0
33340924,blakemcbride/eclipse-lisp,C,2018-10,0
33340924,blakemcbride/eclipse-lisp,C,2018-11,0
33340924,blakemcbride/eclipse-lisp,C,2018-12,0
33340924,blakemcbride/eclipse-lisp,C,2019-01,0
33340924,blakemcbride/eclipse-lisp,C,2019-02,0
33340924,blakemcbride/eclipse-lisp,C,2019-03,0
33340924,blakemcbride/eclipse-lisp,C,2019-04,0
33340924,blakemcbride/eclipse-lisp,C,2019-05,0
33340924,blakemcbride/eclipse-lisp,C,2019-06,0
33340924,blakemcbride/eclipse-lisp,C,2019-07,0
33340924,blakemcbride/eclipse-lisp,C,2019-08,0
33340924,blakemcbride/eclipse-lisp,C,2019-09,0
33340924,blakemcbride/eclipse-lisp,C,2019-10,0
33340924,blakemcbride/eclipse-lisp,C,2019-11,0
33340924,blakemcbride/eclipse-lisp,C,2019-12,0
33340924,blakemcbride/eclipse-lisp,C,2020-01,0
33340924,blakemcbride/eclipse-lisp,C,2020-02,0
33340924,blakemcbride/eclipse-lisp,C,2020-03,0
33340924,blakemcbride/eclipse-lisp,C,2020-04,0
33340924,blakemcbride/eclipse-lisp,C,2020-05,0
33340924,blakemcbride/eclipse-lisp,C,2020-06,0
33340924,blakemcbride/eclipse-lisp,C,2020-07,0
33340924,blakemcbride/eclipse-lisp,C,2020-08,0
33340924,blakemcbride/eclipse-lisp,C,2020-09,0
33340924,blakemcbride/eclipse-lisp,C,2020-10,0
33340924,blakemcbride/eclipse-lisp,C,2020-11,0
33340924,blakemcbride/eclipse-lisp,C,2020-12,0
33340924,blakemcbride/eclipse-lisp,C,2021-01,0
33340924,blakemcbride/eclipse-lisp,C,2021-02,0
33340924,blakemcbride/eclipse-lisp,C,2021-03,0
33340924,blakemcbride/eclipse-lisp,C,2021-04,0
33340924,blakemcbride/eclipse-lisp,C,2021-05,0
33340924,blakemcbride/eclipse-lisp,C,2021-06,0
33340924,blakemcbride/eclipse-lisp,C,2021-07,0
33340924,blakemcbride/eclipse-lisp,C,2021-08,0
33340924,blakemcbride/eclipse-lisp,C,2021-09,0
33340924,blakemcbride/eclipse-lisp,C,2021-10,0
33340924,blakemcbride/eclipse-lisp,C,2021-11,0
33340924,blakemcbride/eclipse-lisp,C,2021-12,0
33340924,blakemcbride/eclipse-lisp,C,2022-01,0
33340924,blakemcbride/eclipse-lisp,C,2022-02,0
33340924,blakemcbride/eclipse-lisp,C,2022-03,0
33340924,blakemcbride/eclipse-lisp,C,2022-04,0
33340924,blakemcbride/eclipse-lisp,C,2022-05,0
33340924,blakemcbride/eclipse-lisp,C,2022-06,0
33340924,blakemcbride/eclipse-lisp,C,2022-07,0
33340924,blakemcbride/eclipse-lisp,C,2022-08,0
33340924,blakemcbride/eclipse-lisp,C,2022-09,0
33340924,blakemcbride/eclipse-lisp,C,2022-10,0
33340924,blakemcbride/eclipse-lisp,C,2022-11,0
33340924,blakemcbride/eclipse-lisp,C,2022-12,0
33340924,blakemcbride/eclipse-lisp,C,2023-01,0
33340924,blakemcbride/eclipse-lisp,C,2023-02,0
33340924,blakemcbride/eclipse-lisp,C,2023-03,0
33340924,blakemcbride/eclipse-lisp,C,2023-04,0
33340924,blakemcbride/eclipse-lisp,C,2023-05,0
33340924,blakemcbride/eclipse-lisp,C,2023-06,0
33340924,blakemcbride/eclipse-lisp,C,2023-07,0
33340924,blakemcbride/eclipse-lisp,C,2023-08,0
33340924,blakemcbride/eclipse-lisp,C,2023-09,0
33340924,blakemcbride/eclipse-lisp,C,2023-10,0
33340924,blakemcbride/eclipse-lisp,C,2023-11,0
33340924,blakemcbride/eclipse-lisp,C,2023-12,0
33340924,blakemcbride/eclipse-lisp,C,2024-01,0
33340924,blakemcbride/eclipse-lisp,C,2024-02,0
33340924,blakemcbride/eclipse-lisp,C,2024-03,0
33340924,blakemcbride/eclipse-lisp,C,2024-04,0
33340924,blakemcbride/eclipse-lisp,C,2024-05,0
33340924,blakemcbride/eclipse-lisp,C,2024-06,0
33340924,blakemcbride/eclipse-lisp,C,2024-07,0
33340924,blakemcbride/eclipse-lisp,C,2024-08,0
33340924,blakemcbride/eclipse-lisp,C,2024-09,0
33340924,blakemcbride/eclipse-lisp,C,2024-10,0
33340924,blakemcbride/eclipse-lisp,C,2024-11,0
33340924,blakemcbride/eclipse-lisp,C,2024-12,0
33340924,blakemcbride/eclipse-lisp,C,2025-01,0
33340924,blakemcbride/eclipse-lisp,C,2025-02,0
33340924,blakemcbride/eclipse-lisp,C,2025-03,0
33340924,blakemcbride/eclipse-lisp,C,2025-04,0
33340924,blakemcbride/eclipse-lisp,C,2025-05,0
33340924,blakemcbride/eclipse-lisp,C,2025-06,0
33340924,blakemcbride/eclipse-lisp,C,2025-07,0
33340924,blakemcbride/eclipse-lisp,C,2025-08,0
64840597,photopea/Typr.js,JavaScript,2016-08,0
64840597,photopea/Typr.js,JavaScript,2016-09,0
64840597,photopea/Typr.js,JavaScript,2016-10,0
64840597,photopea/Typr.js,JavaScript,2016-11,0
64840597,photopea/Typr.js,JavaScript,2016-12,0
64840597,photopea/Typr.js,JavaScript,2017-01,0
64840597,photopea/Typr.js,JavaScript,2017-02,0
64840597,photopea/Typr.js,JavaScript,2017-03,0
64840597,photopea/Typr.js,JavaScript,2017-04,0
64840597,photopea/Typr.js,JavaScript,2017-05,0
64840597,photopea/Typr.js,JavaScript,2017-06,0
64840597,photopea/Typr.js,JavaScript,2017-07,0
64840597,photopea/Typr.js,JavaScript,2017-08,0
64840597,photopea/Typr.js,JavaScript,2017-09,0
64840597,photopea/Typr.js,JavaScript,2017-10,0
64840597,photopea/Typr.js,JavaScript,2017-11,0
64840597,photopea/Typr.js,JavaScript,2017-12,0
64840597,photopea/Typr.js,JavaScript,2018-01,0
64840597,photopea/Typr.js,JavaScript,2018-02,0
64840597,photopea/Typr.js,JavaScript,2018-03,0
64840597,photopea/Typr.js,JavaScript,2018-04,0
64840597,photopea/Typr.js,JavaScript,2018-05,0
64840597,photopea/Typr.js,JavaScript,2018-06,0
64840597,photopea/Typr.js,JavaScript,2018-07,0
64840597,photopea/Typr.js,JavaScript,2018-08,0
64840597,photopea/Typr.js,JavaScript,2018-09,0
64840597,photopea/Typr.js,JavaScript,2018-10,0
64840597,photopea/Typr.js,JavaScript,2018-11,0
64840597,photopea/Typr.js,JavaScript,2018-12,0
64840597,photopea/Typr.js,JavaScript,2019-01,0
64840597,photopea/Typr.js,JavaScript,2019-02,0
64840597,photopea/Typr.js,JavaScript,2019-03,0
64840597,photopea/Typr.js,JavaScript,2019-04,0
64840597,photopea/Typr.js,JavaScript,2019-05,0
64840597,photopea/Typr.js,JavaScript,2019-06,0
64840597,photopea/Typr.js,JavaScript,2019-07,0
64840597,photopea/Typr.js,JavaScript,2019-08,0
64840597,photopea/Typr.js,JavaScript,2019-09,0
64840597,photopea/Typr.js,JavaScript,2019-10,0
64840597,photopea/Typr.js,JavaScript,2019-11,0
64840597,photopea/Typr.js,JavaScript,2019-12,0
64840597,photopea/Typr.js,JavaScript,2020-01,0
64840597,photopea/Typr.js,JavaScript,2020-02,0
64840597,photopea/Typr.js,JavaScript,2020-03,0
64840597,photopea/Typr.js,JavaScript,2020-04,0
64840597,photopea/Typr.js,JavaScript,2020-05,0
64840597,photopea/Typr.js,JavaScript,2020-06,0
64840597,photopea/Typr.js,JavaScript,2020-07,0
64840597,photopea/Typr.js,JavaScript,2020-08,0
64840597,photopea/Typr.js,JavaScript,2020-09,0
64840597,photopea/Typr.js,JavaScript,2020-10,0
64840597,photopea/Typr.js,JavaScript,2020-11,0
64840597,photopea/Typr.js,JavaScript,2020-12,0
64840597,photopea/Typr.js,JavaScript,2021-01,0
64840597,photopea/Typr.js,JavaScript,2021-02,0
64840597,photopea/Typr.js,JavaScript,2021-03,0
64840597,photopea/Typr.js,JavaScript,2021-04,0
64840597,photopea/Typr.js,JavaScript,2021-05,0
64840597,photopea/Typr.js,JavaScript,2021-06,0
64840597,photopea/Typr.js,JavaScript,2021-07,0
64840597,photopea/Typr.js,JavaScript,2021-08,0
64840597,photopea/Typr.js,JavaScript,2021-09,0
64840597,photopea/Typr.js,JavaScript,2021-10,0
64840597,photopea/Typr.js,JavaScript,2021-11,0
64840597,photopea/Typr.js,JavaScript,2021-12,0
64840597,photopea/Typr.js,JavaScript,2022-01,0
64840597,photopea/Typr.js,JavaScript,2022-02,0
64840597,photopea/Typr.js,JavaScript,2022-03,0
64840597,photopea/Typr.js,JavaScript,2022-04,0
64840597,photopea/Typr.js,JavaScript,2022-05,0
64840597,photopea/Typr.js,JavaScript,2022-06,0
64840597,photopea/Typr.js,JavaScript,2022-07,0
64840597,photopea/Typr.js,JavaScript,2022-08,0
64840597,photopea/Typr.js,JavaScript,2022-09,0
64840597,photopea/Typr.js,JavaScript,2022-10,0
64840597,photopea/Typr.js,JavaScript,2022-11,0
64840597,photopea/Typr.js,JavaScript,2022-12,0
64840597,photopea/Typr.js,JavaScript,2023-01,0
64840597,photopea/Typr.js,JavaScript,2023-02,0
64840597,photopea/Typr.js,JavaScript,2023-03,0
64840597,photopea/Typr.js,JavaScript,2023-04,0
64840597,photopea/Typr.js,JavaScript,2023-05,0
64840597,photopea/Typr.js,JavaScript,2023-06,0
64840597,photopea/Typr.js,JavaScript,2023-07,0
64840597,photopea/Typr.js,JavaScript,2023-08,0
64840597,photopea/Typr.js,JavaScript,2023-09,0
64840597,photopea/Typr.js,JavaScript,2023-10,0
64840597,photopea/Typr.js,JavaScript,2023-11,0
64840597,photopea/Typr.js,JavaScript,2023-12,0
64840597,photopea/Typr.js,JavaScript,2024-01,0
64840597,photopea/Typr.js,JavaScript,2024-02,0
64840597,photopea/Typr.js,JavaScript,2024-03,0
64840597,photopea/Typr.js,JavaScript,2024-04,0
64840597,photopea/Typr.js,JavaScript,2024-05,0
64840597,photopea/Typr.js,JavaScript,2024-06,0
64840597,photopea/Typr.js,JavaScript,2024-07,0
64840597,photopea/Typr.js,JavaScript,2024-08,0
64840597,photopea/Typr.js,JavaScript,2024-09,0
64840597,photopea/Typr.js,JavaScript,2024-10,0
64840597,photopea/Typr.js,JavaScript,2024-11,0
64840597,photopea/Typr.js,JavaScript,2024-12,0
64840597,photopea/Typr.js,JavaScript,2025-01,0
64840597,photopea/Typr.js,JavaScript,2025-02,0
64840597,photopea/Typr.js,JavaScript,2025-03,0
64840597,photopea/Typr.js,JavaScript,2025-04,0
64840597,photopea/Typr.js,JavaScript,2025-05,0
64840597,photopea/Typr.js,JavaScript,2025-06,0
64840597,photopea/Typr.js,JavaScript,2025-07,0
64840597,photopea/Typr.js,JavaScript,2025-08,1
69343400,alidili/SesameCreditScore,Java,2016-09,0
69343400,alidili/SesameCreditScore,Java,2016-10,0
69343400,alidili/SesameCreditScore,Java,2016-11,0
69343400,alidili/SesameCreditScore,Java,2016-12,0
69343400,alidili/SesameCreditScore,Java,2017-01,0
69343400,alidili/SesameCreditScore,Java,2017-02,0
69343400,alidili/SesameCreditScore,Java,2017-03,0
69343400,alidili/SesameCreditScore,Java,2017-04,0
69343400,alidili/SesameCreditScore,Java,2017-05,0
69343400,alidili/SesameCreditScore,Java,2017-06,0
69343400,alidili/SesameCreditScore,Java,2017-07,0
69343400,alidili/SesameCreditScore,Java,2017-08,0
69343400,alidili/SesameCreditScore,Java,2017-09,0
69343400,alidili/SesameCreditScore,Java,2017-10,0
69343400,alidili/SesameCreditScore,Java,2017-11,0
69343400,alidili/SesameCreditScore,Java,2017-12,0
69343400,alidili/SesameCreditScore,Java,2018-01,0
69343400,alidili/SesameCreditScore,Java,2018-02,0
69343400,alidili/SesameCreditScore,Java,2018-03,0
69343400,alidili/SesameCreditScore,Java,2018-04,0
69343400,alidili/SesameCreditScore,Java,2018-05,0
69343400,alidili/SesameCreditScore,Java,2018-06,0
69343400,alidili/SesameCreditScore,Java,2018-07,1
69343400,alidili/SesameCreditScore,Java,2018-08,1
69343400,alidili/SesameCreditScore,Java,2018-09,1
69343400,alidili/SesameCreditScore,Java,2018-10,1
69343400,alidili/SesameCreditScore,Java,2018-11,1
69343400,alidili/SesameCreditScore,Java,2018-12,1
69343400,alidili/SesameCreditScore,Java,2019-01,1
69343400,alidili/SesameCreditScore,Java,2019-02,1
69343400,alidili/SesameCreditScore,Java,2019-03,1
69343400,alidili/SesameCreditScore,Java,2019-04,1
69343400,alidili/SesameCreditScore,Java,2019-05,1
69343400,alidili/SesameCreditScore,Java,2019-06,1
69343400,alidili/SesameCreditScore,Java,2019-07,0
69343400,alidili/SesameCreditScore,Java,2019-08,0
69343400,alidili/SesameCreditScore,Java,2019-09,0
69343400,alidili/SesameCreditScore,Java,2019-10,0
69343400,alidili/SesameCreditScore,Java,2019-11,0
69343400,alidili/SesameCreditScore,Java,2019-12,0
69343400,alidili/SesameCreditScore,Java,2020-01,0
69343400,alidili/SesameCreditScore,Java,2020-02,0
69343400,alidili/SesameCreditScore,Java,2020-03,0
69343400,alidili/SesameCreditScore,Java,2020-04,0
69343400,alidili/SesameCreditScore,Java,2020-05,0
69343400,alidili/SesameCreditScore,Java,2020-06,0
69343400,alidili/SesameCreditScore,Java,2020-07,0
69343400,alidili/SesameCreditScore,Java,2020-08,0
69343400,alidili/SesameCreditScore,Java,2020-09,0
69343400,alidili/SesameCreditScore,Java,2020-10,0
69343400,alidili/SesameCreditScore,Java,2020-11,0
69343400,alidili/SesameCreditScore,Java,2020-12,0
69343400,alidili/SesameCreditScore,Java,2021-01,0
69343400,alidili/SesameCreditScore,Java,2021-02,0
69343400,alidili/SesameCreditScore,Java,2021-03,0
69343400,alidili/SesameCreditScore,Java,2021-04,0
69343400,alidili/SesameCreditScore,Java,2021-05,0
69343400,alidili/SesameCreditScore,Java,2021-06,0
69343400,alidili/SesameCreditScore,Java,2021-07,0
69343400,alidili/SesameCreditScore,Java,2021-08,0
69343400,alidili/SesameCreditScore,Java,2021-09,0
69343400,alidili/SesameCreditScore,Java,2021-10,0
69343400,alidili/SesameCreditScore,Java,2021-11,0
69343400,alidili/SesameCreditScore,Java,2021-12,0
69343400,alidili/SesameCreditScore,Java,2022-01,0
69343400,alidili/SesameCreditScore,Java,2022-02,0
69343400,alidili/SesameCreditScore,Java,2022-03,0
69343400,alidili/SesameCreditScore,Java,2022-04,0
69343400,alidili/SesameCreditScore,Java,2022-05,0
69343400,alidili/SesameCreditScore,Java,2022-06,0
69343400,alidili/SesameCreditScore,Java,2022-07,0
69343400,alidili/SesameCreditScore,Java,2022-08,0
69343400,alidili/SesameCreditScore,Java,2022-09,0
69343400,alidili/SesameCreditScore,Java,2022-10,0
69343400,alidili/SesameCreditScore,Java,2022-11,0
69343400,alidili/SesameCreditScore,Java,2022-12,0
69343400,alidili/SesameCreditScore,Java,2023-01,0
69343400,alidili/SesameCreditScore,Java,2023-02,0
69343400,alidili/SesameCreditScore,Java,2023-03,0
69343400,alidili/SesameCreditScore,Java,2023-04,0
69343400,alidili/SesameCreditScore,Java,2023-05,0
69343400,alidili/SesameCreditScore,Java,2023-06,0
69343400,alidili/SesameCreditScore,Java,2023-07,0
69343400,alidili/SesameCreditScore,Java,2023-08,0
69343400,alidili/SesameCreditScore,Java,2023-09,0
69343400,alidili/SesameCreditScore,Java,2023-10,0
69343400,alidili/SesameCreditScore,Java,2023-11,0
69343400,alidili/SesameCreditScore,Java,2023-12,0
69343400,alidili/SesameCreditScore,Java,2024-01,0
69343400,alidili/SesameCreditScore,Java,2024-02,0
69343400,alidili/SesameCreditScore,Java,2024-03,0
69343400,alidili/SesameCreditScore,Java,2024-04,0
69343400,alidili/SesameCreditScore,Java,2024-05,0
69343400,alidili/SesameCreditScore,Java,2024-06,0
69343400,alidili/SesameCreditScore,Java,2024-07,0
69343400,alidili/SesameCreditScore,Java,2024-08,0
69343400,alidili/SesameCreditScore,Java,2024-09,0
69343400,alidili/SesameCreditScore,Java,2024-10,0
69343400,alidili/SesameCreditScore,Java,2024-11,0
69343400,alidili/SesameCreditScore,Java,2024-12,0
69343400,alidili/SesameCreditScore,Java,2025-01,0
69343400,alidili/SesameCreditScore,Java,2025-02,0
69343400,alidili/SesameCreditScore,Java,2025-03,0
69343400,alidili/SesameCreditScore,Java,2025-04,0
69343400,alidili/SesameCreditScore,Java,2025-05,0
69343400,alidili/SesameCreditScore,Java,2025-06,0
69343400,alidili/SesameCreditScore,Java,2025-07,0
69343400,alidili/SesameCreditScore,Java,2025-08,0
133442384,denoland/deno,Rust,2018-05,0
133442384,denoland/deno,Rust,2018-06,0
133442384,denoland/deno,Rust,2018-07,0
133442384,denoland/deno,Rust,2018-08,0
133442384,denoland/deno,Rust,2018-09,0
133442384,denoland/deno,Rust,2018-10,0
133442384,denoland/deno,Rust,2018-11,0
133442384,denoland/deno,Rust,2018-12,0
133442384,denoland/deno,Rust,2019-01,0
133442384,denoland/deno,Rust,2019-02,0
133442384,denoland/deno,Rust,2019-03,0
133442384,denoland/deno,Rust,2019-04,0
133442384,denoland/deno,Rust,2019-05,0
133442384,denoland/deno,Rust,2019-06,0
133442384,denoland/deno,Rust,2019-07,0
133442384,denoland/deno,Rust,2019-08,0
133442384,denoland/deno,Rust,2019-09,0
133442384,denoland/deno,Rust,2019-10,0
133442384,denoland/deno,Rust,2019-11,0
133442384,denoland/deno,Rust,2019-12,0
133442384,denoland/deno,Rust,2020-01,0
133442384,denoland/deno,Rust,2020-02,0
133442384,denoland/deno,Rust,2020-03,0
133442384,denoland/deno,Rust,2020-04,0
133442384,denoland/deno,Rust,2020-05,0
133442384,denoland/deno,Rust,2020-06,0
133442384,denoland/deno,Rust,2020-07,0
133442384,denoland/deno,Rust,2020-08,0
133442384,denoland/deno,Rust,2020-09,0
133442384,denoland/deno,Rust,2020-10,0
133442384,denoland/deno,Rust,2020-11,0
133442384,denoland/deno,Rust,2020-12,0
133442384,denoland/deno,Rust,2021-01,0
133442384,denoland/deno,Rust,2021-02,0
133442384,denoland/deno,Rust,2021-03,0
133442384,denoland/deno,Rust,2021-04,0
133442384,denoland/deno,Rust,2021-05,0
133442384,denoland/deno,Rust,2021-06,0
133442384,denoland/deno,Rust,2021-07,0
133442384,denoland/deno,Rust,2021-08,0
133442384,denoland/deno,Rust,2021-09,0
133442384,denoland/deno,Rust,2021-10,0
133442384,denoland/deno,Rust,2021-11,0
133442384,denoland/deno,Rust,2021-12,0
133442384,denoland/deno,Rust,2022-01,0
133442384,denoland/deno,Rust,2022-02,0
133442384,denoland/deno,Rust,2022-03,0
133442384,denoland/deno,Rust,2022-04,0
133442384,denoland/deno,Rust,2022-05,0
133442384,denoland/deno,Rust,2022-06,0
133442384,denoland/deno,Rust,2022-07,0
133442384,denoland/deno,Rust,2022-08,0
133442384,denoland/deno,Rust,2022-09,0
133442384,denoland/deno,Rust,2022-10,0
133442384,denoland/deno,Rust,2022-11,0
133442384,denoland/deno,Rust,2022-12,0
133442384,denoland/deno,Rust,2023-01,0
133442384,denoland/deno,Rust,2023-02,0
133442384,denoland/deno,Rust,2023-03,0
133442384,denoland/deno,Rust,2023-04,0
133442384,denoland/deno,Rust,2023-05,0
133442384,denoland/deno,Rust,2023-06,0
133442384,denoland/deno,Rust,2023-07,0
133442384,denoland/deno,Rust,2023-08,0
133442384,denoland/deno,Rust,2023-09,0
133442384,denoland/deno,Rust,2023-10,0
133442384,denoland/deno,Rust,2023-11,0
133442384,denoland/deno,Rust,2023-12,0
133442384,denoland/deno,Rust,2024-01,0
133442384,denoland/deno,Rust,2024-02,0
133442384,denoland/deno,Rust,2024-03,0
133442384,denoland/deno,Rust,2024-04,0
133442384,denoland/deno,Rust,2024-05,0
133442384,denoland/deno,Rust,2024-06,0
133442384,denoland/deno,Rust,2024-07,0
133442384,denoland/deno,Rust,2024-08,0
133442384,denoland/deno,Rust,2024-09,0
133442384,denoland/deno,Rust,2024-10,0
133442384,denoland/deno,Rust,2024-11,0
133442384,denoland/deno,Rust,2024-12,0
133442384,denoland/deno,Rust,2025-01,0
133442384,denoland/deno,Rust,2025-02,0
133442384,denoland/deno,Rust,2025-03,0
133442384,denoland/deno,Rust,2025-04,0
133442384,denoland/deno,Rust,2025-05,0
133442384,denoland/deno,Rust,2025-06,0
133442384,denoland/deno,Rust,2025-07,0
133442384,denoland/deno,Rust,2025-08,0
137451403,alibaba/nacos,Java,2018-06,0
137451403,alibaba/nacos,Java,2018-07,0
137451403,alibaba/nacos,Java,2018-08,0
137451403,alibaba/nacos,Java,2018-09,0
137451403,alibaba/nacos,Java,2018-10,0
137451403,alibaba/nacos,Java,2018-11,0
137451403,alibaba/nacos,Java,2018-12,0
137451403,alibaba/nacos,Java,2019-01,0
137451403,alibaba/nacos,Java,2019-02,0
137451403,alibaba/nacos,Java,2019-03,0
137451403,alibaba/nacos,Java,2019-04,0
137451403,alibaba/nacos,Java,2019-05,0
137451403,alibaba/nacos,Java,2019-06,0
137451403,alibaba/nacos,Java,2019-07,0
137451403,alibaba/nacos,Java,2019-08,0
137451403,alibaba/nacos,Java,2019-09,0
137451403,alibaba/nacos,Java,2019-10,0
137451403,alibaba/nacos,Java,2019-11,0
137451403,alibaba/nacos,Java,2019-12,0
137451403,alibaba/nacos,Java,2020-01,0
137451403,alibaba/nacos,Java,2020-02,0
137451403,alibaba/nacos,Java,2020-03,0
137451403,alibaba/nacos,Java,2020-04,0
137451403,alibaba/nacos,Java,2020-05,0
137451403,alibaba/nacos,Java,2020-06,0
137451403,alibaba/nacos,Java,2020-07,0
137451403,alibaba/nacos,Java,2020-08,0
137451403,alibaba/nacos,Java,2020-09,0
137451403,alibaba/nacos,Java,2020-10,0
137451403,alibaba/nacos,Java,2020-11,0
137451403,alibaba/nacos,Java,2020-12,0
137451403,alibaba/nacos,Java,2021-01,0
137451403,alibaba/nacos,Java,2021-02,0
137451403,alibaba/nacos,Java,2021-03,0
137451403,alibaba/nacos,Java,2021-04,0
137451403,alibaba/nacos,Java,2021-05,0
137451403,alibaba/nacos,Java,2021-06,0
137451403,alibaba/nacos,Java,2021-07,0
137451403,alibaba/nacos,Java,2021-08,0
137451403,alibaba/nacos,Java,2021-09,0
137451403,alibaba/nacos,Java,2021-10,0
137451403,alibaba/nacos,Java,2021-11,0
137451403,alibaba/nacos,Java,2021-12,0
137451403,alibaba/nacos,Java,2022-01,0
137451403,alibaba/nacos,Java,2022-02,0
137451403,alibaba/nacos,Java,2022-03,0
137451403,alibaba/nacos,Java,2022-04,0
137451403,alibaba/nacos,Java,2022-05,0
137451403,alibaba/nacos,Java,2022-06,0
137451403,alibaba/nacos,Java,2022-07,0
137451403,alibaba/nacos,Java,2022-08,0
137451403,alibaba/nacos,Java,2022-09,0
137451403,alibaba/nacos,Java,2022-10,0
137451403,alibaba/nacos,Java,2022-11,0
137451403,alibaba/nacos,Java,2022-12,0
137451403,alibaba/nacos,Java,2023-01,0
137451403,alibaba/nacos,Java,2023-02,0
137451403,alibaba/nacos,Java,2023-03,0
137451403,alibaba/nacos,Java,2023-04,0
137451403,alibaba/nacos,Java,2023-05,0
137451403,alibaba/nacos,Java,2023-06,0
137451403,alibaba/nacos,Java,2023-07,0
137451403,alibaba/nacos,Java,2023-08,0
137451403,alibaba/nacos,Java,2023-09,0
137451403,alibaba/nacos,Java,2023-10,0
137451403,alibaba/nacos,Java,2023-11,0
137451403,alibaba/nacos,Java,2023-12,0
137451403,alibaba/nacos,Java,2024-01,0
137451403,alibaba/nacos,Java,2024-02,0
137451403,alibaba/nacos,Java,2024-03,0
137451403,alibaba/nacos,Java,2024-04,0
137451403,alibaba/nacos,Java,2024-05,0
137451403,alibaba/nacos,Java,2024-06,0
137451403,alibaba/nacos,Java,2024-07,0
137451403,alibaba/nacos,Java,2024-08,0
137451403,alibaba/nacos,Java,2024-09,0
137451403,alibaba/nacos,Java,2024-10,0
137451403,alibaba/nacos,Java,2024-11,0
137451403,alibaba/nacos,Java,2024-12,0
137451403,alibaba/nacos,Java,2025-01,0
137451403,alibaba/nacos,Java,2025-02,0
137451403,alibaba/nacos,Java,2025-03,0
137451403,alibaba/nacos,Java,2025-04,0
137451403,alibaba/nacos,Java,2025-05,0
137451403,alibaba/nacos,Java,2025-06,0
137451403,alibaba/nacos,Java,2025-07,0
137451403,alibaba/nacos,Java,2025-08,0
178597005,FyroxEngine/Fyrox,Rust,2019-03,0
178597005,FyroxEngine/Fyrox,Rust,2019-04,0
178597005,FyroxEngine/Fyrox,Rust,2019-05,0
178597005,FyroxEngine/Fyrox,Rust,2019-06,0
178597005,FyroxEngine/Fyrox,Rust,2019-07,0
178597005,FyroxEngine/Fyrox,Rust,2019-08,0
178597005,FyroxEngine/Fyrox,Rust,2019-09,0
178597005,FyroxEngine/Fyrox,Rust,2019-10,0
178597005,FyroxEngine/Fyrox,Rust,2019-11,0
178597005,FyroxEngine/Fyrox,Rust,2019-12,0
178597005,FyroxEngine/Fyrox,Rust,2020-01,0
178597005,FyroxEngine/Fyrox,Rust,2020-02,0
178597005,FyroxEngine/Fyrox,Rust,2020-03,0
178597005,FyroxEngine/Fyrox,Rust,2020-04,0
178597005,FyroxEngine/Fyrox,Rust,2020-05,0
178597005,FyroxEngine/Fyrox,Rust,2020-06,0
178597005,FyroxEngine/Fyrox,Rust,2020-07,0
178597005,FyroxEngine/Fyrox,Rust,2020-08,0
178597005,FyroxEngine/Fyrox,Rust,2020-09,0
178597005,FyroxEngine/Fyrox,Rust,2020-10,0
178597005,FyroxEngine/Fyrox,Rust,2020-11,0
178597005,FyroxEngine/Fyrox,Rust,2020-12,0
178597005,FyroxEngine/Fyrox,Rust,2021-01,0
178597005,FyroxEngine/Fyrox,Rust,2021-02,0
178597005,FyroxEngine/Fyrox,Rust,2021-03,0
178597005,FyroxEngine/Fyrox,Rust,2021-04,0
178597005,FyroxEngine/Fyrox,Rust,2021-05,0
178597005,FyroxEngine/Fyrox,Rust,2021-06,0
178597005,FyroxEngine/Fyrox,Rust,2021-07,0
178597005,FyroxEngine/Fyrox,Rust,2021-08,0
178597005,FyroxEngine/Fyrox,Rust,2021-09,0
178597005,FyroxEngine/Fyrox,Rust,2021-10,0
178597005,FyroxEngine/Fyrox,Rust,2021-11,0
178597005,FyroxEngine/Fyrox,Rust,2021-12,0
178597005,FyroxEngine/Fyrox,Rust,2022-01,0
178597005,FyroxEngine/Fyrox,Rust,2022-02,0
178597005,FyroxEngine/Fyrox,Rust,2022-03,0
178597005,FyroxEngine/Fyrox,Rust,2022-04,0
178597005,FyroxEngine/Fyrox,Rust,2022-05,0
178597005,FyroxEngine/Fyrox,Rust,2022-06,0
178597005,FyroxEngine/Fyrox,Rust,2022-07,0
178597005,FyroxEngine/Fyrox,Rust,2022-08,0
178597005,FyroxEngine/Fyrox,Rust,2022-09,0
178597005,FyroxEngine/Fyrox,Rust,2022-10,0
178597005,FyroxEngine/Fyrox,Rust,2022-11,0
178597005,FyroxEngine/Fyrox,Rust,2022-12,0
178597005,FyroxEngine/Fyrox,Rust,2023-01,0
178597005,FyroxEngine/Fyrox,Rust,2023-02,0
178597005,FyroxEngine/Fyrox,Rust,2023-03,0
178597005,FyroxEngine/Fyrox,Rust,2023-04,0
178597005,FyroxEngine/Fyrox,Rust,2023-05,0
178597005,FyroxEngine/Fyrox,Rust,2023-06,0
178597005,FyroxEngine/Fyrox,Rust,2023-07,0
178597005,FyroxEngine/Fyrox,Rust,2023-08,0
178597005,FyroxEngine/Fyrox,Rust,2023-09,0
178597005,FyroxEngine/Fyrox,Rust,2023-10,0
178597005,FyroxEngine/Fyrox,Rust,2023-11,0
178597005,FyroxEngine/Fyrox,Rust,2023-12,0
178597005,FyroxEngine/Fyrox,Rust,2024-01,0
178597005,FyroxEngine/Fyrox,Rust,2024-02,0
178597005,FyroxEngine/Fyrox,Rust,2024-03,0
178597005,FyroxEngine/Fyrox,Rust,2024-04,0
178597005,FyroxEngine/Fyrox,Rust,2024-05,0
178597005,FyroxEngine/Fyrox,Rust,2024-06,0
178597005,FyroxEngine/Fyrox,Rust,2024-07,0
178597005,FyroxEngine/Fyrox,Rust,2024-08,0
178597005,FyroxEngine/Fyrox,Rust,2024-09,0
178597005,FyroxEngine/Fyrox,Rust,2024-10,0
178597005,FyroxEngine/Fyrox,Rust,2024-11,0
178597005,FyroxEngine/Fyrox,Rust,2024-12,0
178597005,FyroxEngine/Fyrox,Rust,2025-01,0
178597005,FyroxEngine/Fyrox,Rust,2025-02,0
178597005,FyroxEngine/Fyrox,Rust,2025-03,0
178597005,FyroxEngine/Fyrox,Rust,2025-04,0
178597005,FyroxEngine/Fyrox,Rust,2025-05,0
178597005,FyroxEngine/Fyrox,Rust,2025-06,0
178597005,FyroxEngine/Fyrox,Rust,2025-07,0
178597005,FyroxEngine/Fyrox,Rust,2025-08,0
231283452,excalidraw/excalidraw,TypeScript,2020-01,0
231283452,excalidraw/excalidraw,TypeScript,2020-02,0
231283452,excalidraw/excalidraw,TypeScript,2020-03,0
231283452,excalidraw/excalidraw,TypeScript,2020-04,0
231283452,excalidraw/excalidraw,TypeScript,2020-05,0
231283452,excalidraw/excalidraw,TypeScript,2020-06,0
231283452,excalidraw/excalidraw,TypeScript,2020-07,0
231283452,excalidraw/excalidraw,TypeScript,2020-08,0
231283452,excalidraw/excalidraw,TypeScript,2020-09,0
231283452,excalidraw/excalidraw,TypeScript,2020-10,0
231283452,excalidraw/excalidraw,TypeScript,2020-11,0
231283452,excalidraw/excalidraw,TypeScript,2020-12,0
231283452,excalidraw/excalidraw,TypeScript,2021-01,0
231283452,excalidraw/excalidraw,TypeScript,2021-02,0
231283452,excalidraw/excalidraw,TypeScript,2021-03,0
231283452,excalidraw/excalidraw,TypeScript,2021-04,0
231283452,excalidraw/excalidraw,TypeScript,2021-05,0
231283452,excalidraw/excalidraw,TypeScript,2021-06,0
231283452,excalidraw/excalidraw,TypeScript,2021-07,0
231283452,excalidraw/excalidraw,TypeScript,2021-08,0
231283452,excalidraw/excalidraw,TypeScript,2021-09,0
231283452,excalidraw/excalidraw,TypeScript,2021-10,0
231283452,excalidraw/excalidraw,TypeScript,2021-11,0
231283452,excalidraw/excalidraw,TypeScript,2021-12,0
231283452,excalidraw/excalidraw,TypeScript,2022-01,0
231283452,excalidraw/excalidraw,TypeScript,2022-02,0
231283452,excalidraw/excalidraw,TypeScript,2022-03,0
231283452,excalidraw/excalidraw,TypeScript,2022-04,0
231283452,excalidraw/excalidraw,TypeScript,2022-05,0
231283452,excalidraw/excalidraw,TypeScript,2022-06,0
231283452,excalidraw/excalidraw,TypeScript,2022-07,0
231283452,excalidraw/excalidraw,TypeScript,2022-08,0
231283452,excalidraw/excalidraw,TypeScript,2022-09,0
231283452,excalidraw/excalidraw,TypeScript,2022-10,0
231283452,excalidraw/excalidraw,TypeScript,2022-11,0
231283452,excalidraw/excalidraw,TypeScript,2022-12,0
231283452,excalidraw/excalidraw,TypeScript,2023-01,0
231283452,excalidraw/excalidraw,TypeScript,2023-02,0
231283452,excalidraw/excalidraw,TypeScript,2023-03,0
231283452,excalidraw/excalidraw,TypeScript,2023-04,0
231283452,excalidraw/excalidraw,TypeScript,2023-05,0
231283452,excalidraw/excalidraw,TypeScript,2023-06,0
231283452,excalidraw/excalidraw,TypeScript,2023-07,0
231283452,excalidraw/excalidraw,TypeScript,2023-08,0
231283452,excalidraw/excalidraw,TypeScript,2023-09,0
231283452,excalidraw/excalidraw,TypeScript,2023-10,0
231283452,excalidraw/excalidraw,TypeScript,2023-11,0
231283452,excalidraw/excalidraw,TypeScript,2023-12,0
231283452,excalidraw/excalidraw,TypeScript,2024-01,0
231283452,excalidraw/excalidraw,TypeScript,2024-02,0
231283452,excalidraw/excalidraw,TypeScript,2024-03,0
231283452,excalidraw/excalidraw,TypeScript,2024-04,0
231283452,excalidraw/excalidraw,TypeScript,2024-05,0
231283452,excalidraw/excalidraw,TypeScript,2024-06,0
231283452,excalidraw/excalidraw,TypeScript,2024-07,0
231283452,excalidraw/excalidraw,TypeScript,2024-08,0
231283452,excalidraw/excalidraw,TypeScript,2024-09,0
231283452,excalidraw/excalidraw,TypeScript,2024-10,0
231283452,excalidraw/excalidraw,TypeScript,2024-11,0
231283452,excalidraw/excalidraw,TypeScript,2024-12,0
231283452,excalidraw/excalidraw,TypeScript,2025-01,0
231283452,excalidraw/excalidraw,TypeScript,2025-02,0
231283452,excalidraw/excalidraw,TypeScript,2025-03,0
231283452,excalidraw/excalidraw,TypeScript,2025-04,0
231283452,excalidraw/excalidraw,TypeScript,2025-05,0
231283452,excalidraw/excalidraw,TypeScript,2025-06,0
231283452,excalidraw/excalidraw,TypeScript,2025-07,0
231283452,excalidraw/excalidraw,TypeScript,2025-08,0
240673792,lyhue1991/eat_tensorflow2_in_30_days,Python,2020-02,0
240673792,lyhue1991/eat_tensorflow2_in_30_days,Python,2020-03,0
240673792,lyhue1991/eat_tensorflow2_in_30_days,Python,2020-04,0
240673792,lyhue1991/eat_tensorflow2_in_30_days,Python,2020-05,0
240673792,lyhue1991/eat_tensorflow2_in_30_days,Python,2020-06,0
240673792,lyhue1991/eat_tensorflow2_in_30_days,Python,2020-07,0
240673792,lyhue1991/eat_tensorflow2_in_30_days,Python,2020-08,0
240673792,lyhue1991/eat_tensorflow2_in_30_days,Python,2020-09,0
240673792,lyhue1991/eat_tensorflow2_in_30_days,Python,2020-10,0
240673792,lyhue1991/eat_tensorflow2_in_30_days,Python,2020-11,0
240673792,lyhue1991/eat_tensorflow2_in_30_days,Python,2020-12,0
240673792,lyhue1991/eat_tensorflow2_in_30_days,Python,2021-01,0
240673792,lyhue1991/eat_tensorflow2_in_30_days,Python,2021-02,0
240673792,lyhue1991/eat_tensorflow2_in_30_days,Python,2021-03,0
240673792,lyhue1991/eat_tensorflow2_in_30_days,Python,2021-04,0
240673792,lyhue1991/eat_tensorflow2_in_30_days,Python,2021-05,0
240673792,lyhue1991/eat_tensorflow2_in_30_days,Python,2021-06,0
240673792,lyhue1991/eat_tensorflow2_in_30_days,Python,2021-07,0
240673792,lyhue1991/eat_tensorflow2_in_30_days,Python,2021-08,0
240673792,lyhue1991/eat_tensorflow2_in_30_days,Python,2021-09,0
240673792,lyhue1991/eat_tensorflow2_in_30_days,Python,2021-10,0
240673792,lyhue1991/eat_tensorflow2_in_30_days,Python,2021-11,0
240673792,lyhue1991/eat_tensorflow2_in_30_days,Python,2021-12,0
240673792,lyhue1991/eat_tensorflow2_in_30_days,Python,2022-01,0
240673792,lyhue1991/eat_tensorflow2_in_30_days,Python,2022-02,0
240673792,lyhue1991/eat_tensorflow2_in_30_days,Python,2022-03,0
240673792,lyhue1991/eat_tensorflow2_in_30_days,Python,2022-04,0
240673792,lyhue1991/eat_tensorflow2_in_30_days,Python,2022-05,0
240673792,lyhue1991/eat_tensorflow2_in_30_days,Python,2022-06,0
240673792,lyhue1991/eat_tensorflow2_in_30_days,Python,2022-07,0
240673792,lyhue1991/eat_tensorflow2_in_30_days,Python,2022-08,0
240673792,lyhue1991/eat_tensorflow2_in_30_days,Python,2022-09,0
240673792,lyhue1991/eat_tensorflow2_in_30_days,Python,2022-10,0
240673792,lyhue1991/eat_tensorflow2_in_30_days,Python,2022-11,0
240673792,lyhue1991/eat_tensorflow2_in_30_days,Python,2022-12,0
240673792,lyhue1991/eat_tensorflow2_in_30_days,Python,2023-01,0
240673792,lyhue1991/eat_tensorflow2_in_30_days,Python,2023-02,0
240673792,lyhue1991/eat_tensorflow2_in_30_days,Python,2023-03,0
240673792,lyhue1991/eat_tensorflow2_in_30_days,Python,2023-04,1
240673792,lyhue1991/eat_tensorflow2_in_30_days,Python,2023-05,1
240673792,lyhue1991/eat_tensorflow2_in_30_days,Python,2023-06,1
240673792,lyhue1991/eat_tensorflow2_in_30_days,Python,2023-07,1
240673792,lyhue1991/eat_tensorflow2_in_30_days,Python,2023-08,1
240673792,lyhue1991/eat_tensorflow2_in_30_days,Python,2023-09,1
240673792,lyhue1991/eat_tensorflow2_in_30_days,Python,2023-10,1
240673792,lyhue1991/eat_tensorflow2_in_30_days,Python,2023-11,1
240673792,lyhue1991/eat_tensorflow2_in_30_days,Python,2023-12,1
240673792,lyhue1991/eat_tensorflow2_in_30_days,Python,2024-01,1
240673792,lyhue1991/eat_tensorflow2_in_30_days,Python,2024-02,1
240673792,lyhue1991/eat_tensorflow2_in_30_days,Python,2024-03,1
240673792,lyhue1991/eat_tensorflow2_in_30_days,Python,2024-04,0
240673792,lyhue1991/eat_tensorflow2_in_30_days,Python,2024-05,0
240673792,lyhue1991/eat_tensorflow2_in_30_days,Python,2024-06,0
240673792,lyhue1991/eat_tensorflow2_in_30_days,Python,2024-07,0
240673792,lyhue1991/eat_tensorflow2_in_30_days,Python,2024-08,0
240673792,lyhue1991/eat_tensorflow2_in_30_days,Python,2024-09,0
240673792,lyhue1991/eat_tensorflow2_in_30_days,Python,2024-10,0
240673792,lyhue1991/eat_tensorflow2_in_30_days,Python,2024-11,0
240673792,lyhue1991/eat_tensorflow2_in_30_days,Python,2024-12,0
240673792,lyhue1991/eat_tensorflow2_in_30_days,Python,2025-01,0
240673792,lyhue1991/eat_tensorflow2_in_30_days,Python,2025-02,0
240673792,lyhue1991/eat_tensorflow2_in_30_days,Python,2025-03,0
240673792,lyhue1991/eat_tensorflow2_in_30_days,Python,2025-04,0
240673792,lyhue1991/eat_tensorflow2_in_30_days,Python,2025-05,0
240673792,lyhue1991/eat_tensorflow2_in_30_days,Python,2025-06,0
240673792,lyhue1991/eat_tensorflow2_in_30_days,Python,2025-07,0
240673792,lyhue1991/eat_tensorflow2_in_30_days,Python,2025-08,0
337459381,Ugenteraan/Deep_Hierarchical_Classification,Python,2021-02,0
337459381,Ugenteraan/Deep_Hierarchical_Classification,Python,2021-03,0
337459381,Ugenteraan/Deep_Hierarchical_Classification,Python,2021-04,0
337459381,Ugenteraan/Deep_Hierarchical_Classification,Python,2021-05,0
337459381,Ugenteraan/Deep_Hierarchical_Classification,Python,2021-06,0
337459381,Ugenteraan/Deep_Hierarchical_Classification,Python,2021-07,0
337459381,Ugenteraan/Deep_Hierarchical_Classification,Python,2021-08,0
337459381,Ugenteraan/Deep_Hierarchical_Classification,Python,2021-09,0
337459381,Ugenteraan/Deep_Hierarchical_Classification,Python,2021-10,0
337459381,Ugenteraan/Deep_Hierarchical_Classification,Python,2021-11,0
337459381,Ugenteraan/Deep_Hierarchical_Classification,Python,2021-12,0
337459381,Ugenteraan/Deep_Hierarchical_Classification,Python,2022-01,0
337459381,Ugenteraan/Deep_Hierarchical_Classification,Python,2022-02,0
337459381,Ugenteraan/Deep_Hierarchical_Classification,Python,2022-03,0
337459381,Ugenteraan/Deep_Hierarchical_Classification,Python,2022-04,0
337459381,Ugenteraan/Deep_Hierarchical_Classification,Python,2022-05,0
337459381,Ugenteraan/Deep_Hierarchical_Classification,Python,2022-06,0
337459381,Ugenteraan/Deep_Hierarchical_Classification,Python,2022-07,0
337459381,Ugenteraan/Deep_Hierarchical_Classification,Python,2022-08,0
337459381,Ugenteraan/Deep_Hierarchical_Classification,Python,2022-09,0
337459381,Ugenteraan/Deep_Hierarchical_Classification,Python,2022-10,0
337459381,Ugenteraan/Deep_Hierarchical_Classification,Python,2022-11,0
337459381,Ugenteraan/Deep_Hierarchical_Classification,Python,2022-12,0
337459381,Ugenteraan/Deep_Hierarchical_Classification,Python,2023-01,0
337459381,Ugenteraan/Deep_Hierarchical_Classification,Python,2023-02,0
337459381,Ugenteraan/Deep_Hierarchical_Classification,Python,2023-03,0
337459381,Ugenteraan/Deep_Hierarchical_Classification,Python,2023-04,0
337459381,Ugenteraan/Deep_Hierarchical_Classification,Python,2023-05,0
337459381,Ugenteraan/Deep_Hierarchical_Classification,Python,2023-06,0
337459381,Ugenteraan/Deep_Hierarchical_Classification,Python,2023-07,1
337459381,Ugenteraan/Deep_Hierarchical_Classification,Python,2023-08,1
337459381,Ugenteraan/Deep_Hierarchical_Classification,Python,2023-09,1
337459381,Ugenteraan/Deep_Hierarchical_Classification,Python,2023-10,1
337459381,Ugenteraan/Deep_Hierarchical_Classification,Python,2023-11,1
337459381,Ugenteraan/Deep_Hierarchical_Classification,Python,2023-12,1
337459381,Ugenteraan/Deep_Hierarchical_Classification,Python,2024-01,1
337459381,Ugenteraan/Deep_Hierarchical_Classification,Python,2024-02,1
337459381,Ugenteraan/Deep_Hierarchical_Classification,Python,2024-03,1
337459381,Ugenteraan/Deep_Hierarchical_Classification,Python,2024-04,1
337459381,Ugenteraan/Deep_Hierarchical_Classification,Python,2024-05,1
337459381,Ugenteraan/Deep_Hierarchical_Classification,Python,2024-06,1
337459381,Ugenteraan/Deep_Hierarchical_Classification,Python,2024-07,0
337459381,Ugenteraan/Deep_Hierarchical_Classification,Python,2024-08,0
337459381,Ugenteraan/Deep_Hierarchical_Classification,Python,2024-09,0
337459381,Ugenteraan/Deep_Hierarchical_Classification,Python,2024-10,0
337459381,Ugenteraan/Deep_Hierarchical_Classification,Python,2024-11,0
337459381,Ugenteraan/Deep_Hierarchical_Classification,Python,2024-12,0
337459381,Ugenteraan/Deep_Hierarchical_Classification,Python,2025-01,0
337459381,Ugenteraan/Deep_Hierarchical_Classification,Python,2025-02,0
337459381,Ugenteraan/Deep_Hierarchical_Classification,Python,2025-03,0
337459381,Ugenteraan/Deep_Hierarchical_Classification,Python,2025-04,0
337459381,Ugenteraan/Deep_Hierarchical_Classification,Python,2025-05,0
337459381,Ugenteraan/Deep_Hierarchical_Classification,Python,2025-06,0
337459381,Ugenteraan/Deep_Hierarchical_Classification,Python,2025-07,0
337459381,Ugenteraan/Deep_Hierarchical_Classification,Python,2025-08,0
352933140,ToolJet/ToolJet,JavaScript,2021-03,0
352933140,ToolJet/ToolJet,JavaScript,2021-04,0
352933140,ToolJet/ToolJet,JavaScript,2021-05,0
352933140,ToolJet/ToolJet,JavaScript,2021-06,0
352933140,ToolJet/ToolJet,JavaScript,2021-07,0
352933140,ToolJet/ToolJet,JavaScript,2021-08,0
352933140,ToolJet/ToolJet,JavaScript,2021-09,0
352933140,ToolJet/ToolJet,JavaScript,2021-10,0
352933140,ToolJet/ToolJet,JavaScript,2021-11,0
352933140,ToolJet/ToolJet,JavaScript,2021-12,0
352933140,ToolJet/ToolJet,JavaScript,2022-01,0
352933140,ToolJet/ToolJet,JavaScript,2022-02,0
352933140,ToolJet/ToolJet,JavaScript,2022-03,0
352933140,ToolJet/ToolJet,JavaScript,2022-04,0
352933140,ToolJet/ToolJet,JavaScript,2022-05,0
352933140,ToolJet/ToolJet,JavaScript,2022-06,0
352933140,ToolJet/ToolJet,JavaScript,2022-07,0
352933140,ToolJet/ToolJet,JavaScript,2022-08,0
352933140,ToolJet/ToolJet,JavaScript,2022-09,0
352933140,ToolJet/ToolJet,JavaScript,2022-10,0
352933140,ToolJet/ToolJet,JavaScript,2022-11,0
352933140,ToolJet/ToolJet,JavaScript,2022-12,0
352933140,ToolJet/ToolJet,JavaScript,2023-01,0
352933140,ToolJet/ToolJet,JavaScript,2023-02,0
352933140,ToolJet/ToolJet,JavaScript,2023-03,0
352933140,ToolJet/ToolJet,JavaScript,2023-04,0
352933140,ToolJet/ToolJet,JavaScript,2023-05,0
352933140,ToolJet/ToolJet,JavaScript,2023-06,0
352933140,ToolJet/ToolJet,JavaScript,2023-07,0
352933140,ToolJet/ToolJet,JavaScript,2023-08,0
352933140,ToolJet/ToolJet,JavaScript,2023-09,0
352933140,ToolJet/ToolJet,JavaScript,2023-10,0
352933140,ToolJet/ToolJet,JavaScript,2023-11,0
352933140,ToolJet/ToolJet,JavaScript,2023-12,0
352933140,ToolJet/ToolJet,JavaScript,2024-01,0
352933140,ToolJet/ToolJet,JavaScript,2024-02,0
352933140,ToolJet/ToolJet,JavaScript,2024-03,0
352933140,ToolJet/ToolJet,JavaScript,2024-04,0
352933140,ToolJet/ToolJet,JavaScript,2024-05,0
352933140,ToolJet/ToolJet,JavaScript,2024-06,0
352933140,ToolJet/ToolJet,JavaScript,2024-07,0
352933140,ToolJet/ToolJet,JavaScript,2024-08,0
352933140,ToolJet/ToolJet,JavaScript,2024-09,0
352933140,ToolJet/ToolJet,JavaScript,2024-10,0
352933140,ToolJet/ToolJet,JavaScript,2024-11,0
352933140,ToolJet/ToolJet,JavaScript,2024-12,0
352933140,ToolJet/ToolJet,JavaScript,2025-01,0
352933140,ToolJet/ToolJet,JavaScript,2025-02,0
352933140,ToolJet/ToolJet,JavaScript,2025-03,0
352933140,ToolJet/ToolJet,JavaScript,2025-04,0
352933140,ToolJet/ToolJet,JavaScript,2025-05,0
352933140,ToolJet/ToolJet,JavaScript,2025-06,0
352933140,ToolJet/ToolJet,JavaScript,2025-07,0
352933140,ToolJet/ToolJet,JavaScript,2025-08,0
439491516,ange-yaghi/engine-sim,C++,2021-12,0
439491516,ange-yaghi/engine-sim,C++,2022-01,0
439491516,ange-yaghi/engine-sim,C++,2022-02,0
439491516,ange-yaghi/engine-sim,C++,2022-03,0
439491516,ange-yaghi/engine-sim,C++,2022-04,0
439491516,ange-yaghi/engine-sim,C++,2022-05,0
439491516,ange-yaghi/engine-sim,C++,2022-06,0
439491516,ange-yaghi/engine-sim,C++,2022-07,0
439491516,ange-yaghi/engine-sim,C++,2022-08,0
439491516,ange-yaghi/engine-sim,C++,2022-09,0
439491516,ange-yaghi/engine-sim,C++,2022-10,0
439491516,ange-yaghi/engine-sim,C++,2022-11,0
439491516,ange-yaghi/engine-sim,C++,2022-12,0
439491516,ange-yaghi/engine-sim,C++,2023-01,0
439491516,ange-yaghi/engine-sim,C++,2023-02,0
439491516,ange-yaghi/engine-sim,C++,2023-03,0
439491516,ange-yaghi/engine-sim,C++,2023-04,0
439491516,ange-yaghi/engine-sim,C++,2023-05,0
439491516,ange-yaghi/engine-sim,C++,2023-06,0
439491516,ange-yaghi/engine-sim,C++,2023-07,0
439491516,ange-yaghi/engine-sim,C++,2023-08,0
439491516,ange-yaghi/engine-sim,C++,2023-09,0
439491516,ange-yaghi/engine-sim,C++,2023-10,0
439491516,ange-yaghi/engine-sim,C++,2023-11,0
439491516,ange-yaghi/engine-sim,C++,2023-12,0
439491516,ange-yaghi/engine-sim,C++,2024-01,0
439491516,ange-yaghi/engine-sim,C++,2024-02,0
439491516,ange-yaghi/engine-sim,C++,2024-03,0
439491516,ange-yaghi/engine-sim,C++,2024-04,0
439491516,ange-yaghi/engine-sim,C++,2024-05,0
439491516,ange-yaghi/engine-sim,C++,2024-06,0
439491516,ange-yaghi/engine-sim,C++,2024-07,0
439491516,ange-yaghi/engine-sim,C++,2024-08,0
439491516,ange-yaghi/engine-sim,C++,2024-09,0
439491516,ange-yaghi/engine-sim,C++,2024-10,0
439491516,ange-yaghi/engine-sim,C++,2024-11,0
439491516,ange-yaghi/engine-sim,C++,2024-12,0
439491516,ange-yaghi/engine-sim,C++,2025-01,0
439491516,ange-yaghi/engine-sim,C++,2025-02,0
439491516,ange-yaghi/engine-sim,C++,2025-03,0
439491516,ange-yaghi/engine-sim,C++,2025-04,0
439491516,ange-yaghi/engine-sim,C++,2025-05,0
439491516,ange-yaghi/engine-sim,C++,2025-06,0
439491516,ange-yaghi/engine-sim,C++,2025-07,0
439491516,ange-yaghi/engine-sim,C++,2025-08,0
579676275,Flipper-XFW/Xtreme-Firmware,C,2022-12,0
579676275,Flipper-XFW/Xtreme-Firmware,C,2023-01,0
579676275,Flipper-XFW/Xtreme-Firmware,C,2023-02,0
579676275,Flipper-XFW/Xtreme-Firmware,C,2023-03,0
579676275,Flipper-XFW/Xtreme-Firmware,C,2023-04,0
579676275,Flipper-XFW/Xtreme-Firmware,C,2023-05,0
579676275,Flipper-XFW/Xtreme-Firmware,C,2023-06,0
579676275,Flipper-XFW/Xtreme-Firmware,C,2023-07,0
579676275,Flipper-XFW/Xtreme-Firmware,C,2023-08,0
579676275,Flipper-XFW/Xtreme-Firmware,C,2023-09,0
579676275,Flipper-XFW/Xtreme-Firmware,C,2023-10,0
579676275,Flipper-XFW/Xtreme-Firmware,C,2023-11,0
579676275,Flipper-XFW/Xtreme-Firmware,C,2023-12,0
579676275,Flipper-XFW/Xtreme-Firmware,C,2024-01,0
579676275,Flipper-XFW/Xtreme-Firmware,C,2024-02,0
579676275,Flipper-XFW/Xtreme-Firmware,C,2024-03,0
579676275,Flipper-XFW/Xtreme-Firmware,C,2024-04,0
579676275,Flipper-XFW/Xtreme-Firmware,C,2024-05,0
579676275,Flipper-XFW/Xtreme-Firmware,C,2024-06,0
579676275,Flipper-XFW/Xtreme-Firmware,C,2024-07,0
579676275,Flipper-XFW/Xtreme-Firmware,C,2024-08,0
579676275,Flipper-XFW/Xtreme-Firmware,C,2024-09,0
579676275,Flipper-XFW/Xtreme-Firmware,C,2024-10,0
579676275,Flipper-XFW/Xtreme-Firmware,C,2024-11,0
579676275,Flipper-XFW/Xtreme-Firmware,C,2024-12,0
579676275,Flipper-XFW/Xtreme-Firmware,C,2025-01,0
579676275,Flipper-XFW/Xtreme-Firmware,C,2025-02,0
579676275,Flipper-XFW/Xtreme-Firmware,C,2025-03,1
579676275,Flipper-XFW/Xtreme-Firmware,C,2025-04,1
579676275,Flipper-XFW/Xtreme-Firmware,C,2025-05,1
579676275,Flipper-XFW/Xtreme-Firmware,C,2025-06,1
579676275,Flipper-XFW/Xtreme-Firmware,C,2025-07,1
579676275,Flipper-XFW/Xtreme-Firmware,C,2025-08,1
585146387,shadcn-ui/ui,TypeScript,2023-01,0
585146387,shadcn-ui/ui,TypeScript,2023-02,0
585146387,shadcn-ui/ui,TypeScript,2023-03,0
585146387,shadcn-ui/ui,TypeScript,2023-04,0
585146387,shadcn-ui/ui,TypeScript,2023-05,0
585146387,shadcn-ui/ui,TypeScript,2023-06,0
585146387,shadcn-ui/ui,TypeScript,2023-07,0
585146387,shadcn-ui/ui,TypeScript,2023-08,0
585146387,shadcn-ui/ui,TypeScript,2023-09,0
585146387,shadcn-ui/ui,TypeScript,2023-10,0
585146387,shadcn-ui/ui,TypeScript,2023-11,0
585146387,shadcn-ui/ui,TypeScript,2023-12,0
585146387,shadcn-ui/ui,TypeScript,2024-01,0
585146387,shadcn-ui/ui,TypeScript,2024-02,0
585146387,shadcn-ui/ui,TypeScript,2024-03,0
585146387,shadcn-ui/ui,TypeScript,2024-04,0
585146387,shadcn-ui/ui,TypeScript,2024-05,0
585146387,shadcn-ui/ui,TypeScript,2024-06,0
585146387,shadcn-ui/ui,TypeScript,2024-07,0
585146387,shadcn-ui/ui,TypeScript,2024-08,0
585146387,shadcn-ui/ui,TypeScript,2024-09,0
585146387,shadcn-ui/ui,TypeScript,2024-10,0
585146387,shadcn-ui/ui,TypeScript,2024-11,0
585146387,shadcn-ui/ui,TypeScript,2024-12,0
585146387,shadcn-ui/ui,TypeScript,2025-01,0
585146387,shadcn-ui/ui,TypeScript,2025-02,0
585146387,shadcn-ui/ui,TypeScript,2025-03,0
585146387,shadcn-ui/ui,TypeScript,2025-04,0
585146387,shadcn-ui/ui,TypeScript,2025-05,0
585146387,shadcn-ui/ui,TypeScript,2025-06,0
585146387,shadcn-ui/ui,TypeScript,2025-07,0
585146387,shadcn-ui/ui,TypeScript,2025-08,0
762147600,SquirrelCorporation/SquirrelServersManager,TypeScript,2024-02,0
762147600,SquirrelCorporation/SquirrelServersManager,TypeScript,2024-03,0
762147600,SquirrelCorporation/SquirrelServersManager,TypeScript,2024-04,0
762147600,SquirrelCorporation/SquirrelServersManager,TypeScript,2024-05,0
762147600,SquirrelCorporation/SquirrelServersManager,TypeScript,2024-06,0
762147600,SquirrelCorporation/SquirrelServersManager,TypeScript,2024-07,0
762147600,SquirrelCorporation/SquirrelServersManager,TypeScript,2024-08,0
762147600,SquirrelCorporation/SquirrelServersManager,TypeScript,2024-09,0
762147600,SquirrelCorporation/SquirrelServersManager,TypeScript,2024-10,0
762147600,SquirrelCorporation/SquirrelServersManager,TypeScript,2024-11,0
762147600,SquirrelCorporation/SquirrelServersManager,TypeScript,2024-12,0
762147600,SquirrelCorporation/SquirrelServersManager,TypeScript,2025-01,0
762147600,SquirrelCorporation/SquirrelServersManager,TypeScript,2025-02,0
762147600,SquirrelCorporation/SquirrelServersManager,TypeScript,2025-03,0
762147600,SquirrelCorporation/SquirrelServersManager,TypeScript,2025-04,0
762147600,SquirrelCorporation/SquirrelServersManager,TypeScript,2025-05,0
762147600,SquirrelCorporation/SquirrelServersManager,TypeScript,2025-06,0
762147600,SquirrelCorporation/SquirrelServersManager,TypeScript,2025-07,0
762147600,SquirrelCorporation/SquirrelServersManager,TypeScript,2025-08,0
